pcs,lps,loss,entropy,repaired
0.6813256306192407,0.7967918926255139,-0.8178735161655939,-0.7202328998687721,False
1.597459089930257,1.6367834365469511,-1.6026057917763528,-1.6578101187646195,True
-0.21644970448644554,-1.1492332244833878,1.1549923339330188,0.4190304390577827,False
0.27896675917461017,-1.4148955701197432,1.4212263970392323,-0.19395987424563774,False
-1.5455402839773191,-0.44575616492544656,0.44882157228468034,1.1907323653778767,False
0.2116211676989655,0.45434892232060486,-0.4745450030581054,-0.10351002525859113,True
-0.717499677540831,-0.07032127703217245,0.0655474743787497,0.8691723948176161,False
-0.4853275617861863,0.047435912444016425,-0.0561718240976032,0.6843836458749729,True
-0.5991580573012691,-0.011159394398951075,0.004419338645034407,0.78022217223155,False
1.1520993512749031,1.2004726839559945,-1.2064228717514138,-1.2425375477577614,True
-1.2547407431303335,-0.32041857691882963,0.32177060062958657,1.1361987916667498,True
-1.5470250480068202,-0.5499029417082507,0.5539236608412863,1.1908560726134354,False
1.333543588038032,1.371903716034292,-1.3652021337259599,-1.4195310330403346,True
-0.28164022735620947,-1.1168567777433895,1.1225709338758643,0.4882573382072412,False
-0.6561953632004306,-0.9385899778852286,0.9440660142673173,0.824461105317937,True
-0.18307984593038962,-1.1659914392520165,1.171774610781645,0.38242931137718994,True
-1.485391528953604,-0.4203173561607652,0.42309021136841146,1.1843733744235414,False
0.6806811496238211,0.7962803737282671,-0.8173693147662736,-0.7194470606456101,True
0.3773576335127139,0.5681932320341041,-0.589856124785844,-0.3272079774225768,True
-0.46532939146872654,-1.0279290830689265,1.0335292033754355,0.6665148066562973,False
-0.43297392616125113,0.07498135894353321,-0.08465733720228279,0.6369559585775163,False
1.240515617238248,1.2829178624627453,-1.2832732297855522,-1.3302724875205034,False
-0.9240970186715249,-0.16977684536224483,0.1679499752126804,0.9982109831495972,True
-1.4207750411070124,-0.39271583830645745,0.3951420695410791,1.1747256972257878,False
0.37616370466911386,0.5673455955819113,-0.589001703325423,-0.32559254386734665,True
0.4359186405312937,0.6102509088720981,-0.6321802840725458,-0.40609450344185594,True
-1.327741720664141,-0.35245741684200493,0.3543166833332839,1.1556031270210223,False
-1.2853393228184373,-0.3338973320704306,0.3354687627691198,1.1448090474316688,False
0.2686315180757818,-1.4089111350164434,1.4152236152674884,-0.18000963631268327,False
-0.09131977411038471,0.2654274845032957,-0.281193178092189,0.2778568683191481,False
0.9590400825406422,-1.8505214052453003,1.8593143173013784,-1.0402073082138181,True
1.347717802721744,1.3856632650570158,-1.3777745941427895,-1.4328704699009516,True
1.8270083229482612,1.8820069484140776,-1.8134703615487393,-1.850924841954545,True
0.18614104422231603,0.43753035493742043,-0.4574249911410574,-0.06964632684275207,True
-1.5091493539653957,-0.43039393008152993,0.43328608175315797,1.1871840849667854,True
0.38531873131391503,0.5738546414798685,-0.5955622996531679,-0.33797430114325283,True
-1.4369622943017488,-0.39965751880423467,0.4021737917163765,1.1774193400923356,True
-0.8057793410347437,-0.11338032101830768,0.10996031712915809,0.9283919474580291,False
0.4801936855178686,0.642679573441244,-0.6647056765167219,-0.4649967893636881,True
1.6925364995907355,1.7366859591092625,-1.6895615038869582,-1.7390895991634534,True
0.955768242807458,1.0248648265511826,-1.039812871362973,-1.0366433198314464,True
0.7106601283769267,0.8201941821698546,-0.8409172531822477,-0.7557618029926337,True
-0.3886702826645339,0.09860110669421283,-0.10907863247704336,0.5951950326897797,False
0.9769782442709465,1.0433382226012589,-1.0575219679702712,-1.059665112910132,True
0.568581719295339,-1.5905995377221007,1.5976456995012485,-0.5796898691977778,False
-0.25782403501718265,-1.1286312517756731,1.1343614885190114,0.4633191034319677,True
-0.8706110719130185,-0.8412826032314623,0.8465817289993579,0.9679999225683985,False
0.34034235322280215,0.5421013438393718,-0.56352096172164,-0.27706682987040115,True
1.1515922745829927,1.2000060369496,-1.2059860088844796,-1.242026183273756,True
0.5431338253973486,-1.5745565251186044,1.5815232826141552,-0.5470781805159151,False
-1.6515283860472054,-0.4900115743426311,0.493527194435304,1.1959093357101325,False
-1.283885906948686,-0.6608968439150108,0.6655924373956869,1.144413975199243,False
-1.0349734841466427,-0.22137108006826836,0.2207958243017478,1.05377646055203,False
-0.8010645657788116,-0.8725264203555072,0.8778895536913438,0.9253833927326205,False
0.49928750771872715,0.656831647749477,-0.6788693766525089,-0.4901121290608193,False
0.08885087600980034,0.37498938254817926,-0.3935904098627442,0.057024593653485015,False
0.29370506298663407,0.5097711646517313,-0.5308109656169486,-0.21388459705757396,True
1.329694948304344,-2.1197432922900568,2.131331889387876,-1.4158974264155844,True
-0.9318828639517421,-0.1734384435733291,0.17170642119932206,1.0024253140878803,True
-0.7863512966977878,-0.8791738031574471,0.8845499627554527,0.9158819478231252,False
-0.8073061565392456,-0.8697105554698061,0.8750681025062064,0.9293624827187424,True
1.122847408592343,-1.9669133521476994,1.976787929228447,-1.2128548862824076,True
-1.3394700515541742,-0.3575676651485423,0.3595029257943094,1.1583600832763015,False
-0.2714534536679203,0.16255070244944098,-0.17515147416177598,0.4776405120596771,False
1.340262412264828,1.378419358446384,-1.3711596019351011,-1.4258625764243456,True
0.8252120218698368,0.9138232952845566,-0.9325049394567371,-0.8905150238997261,False
-0.6726438689979449,-0.048098163360194054,0.042595924237865394,0.8367457355308148,True
-1.271466868844518,-0.6662017354168404,0.6709226798733502,1.140991005212697,False
-0.4798643883750964,0.05029230797529606,-0.05912624277371092,0.6795326098449191,True
-1.3115075331649653,-0.6491205298559592,0.6537578227220582,1.1516255737206336,True
-1.2158122322850462,-0.6900553527078224,0.6948829816264158,1.12424144445175,False
0.7472287917300194,0.8496963571867904,-0.8698819362769122,-0.7994641780805755,True
1.1484255126659493,1.1970921858417232,-1.2032532712805013,-1.2388281520767142,True
0.9371140916505264,1.0087175270679825,-1.0243004341916473,-1.0162330275985907,False
0.6923156762005778,-1.6702038350089952,1.6776918622645267,-0.7335927324950283,True
-0.8185786690937855,-0.8646309214770777,0.8699783307635383,0.9364709740974371,False
-1.1015407946138096,-0.2518047859064325,0.2518845109928977,1.0825967979296272,False
0.8171116425993065,0.9070857179156541,-0.9259471074833419,-0.8811913069099571,False
-0.9158499848094177,-0.1658922594600734,0.1639632742388523,0.9936978847031789,True
0.4550883153035138,0.6242246360616236,-0.6462081236112182,-0.43169864390887286,True
-0.9955781722001923,-0.7858357841897406,0.79099663739324,1.0351204045776337,False
0.6438298080767709,0.767220383428748,-0.7886711011245233,-0.6741988088760247,True
0.6960992529659427,0.8085486596926924,-0.8294572610789632,-0.7381790970593064,True
-0.5423455542905848,0.017869930372416094,-0.02559651811611347,0.7336428966758374,False
0.5224980132015491,0.6741707092512519,-0.6961961157163186,-0.5203907415406626,True
-0.29771216995229455,0.1480334372375683,-0.16016031004192893,0.5048529019322476,False
-1.5115286500694387,-0.4314010108263246,0.4343047487346972,1.187445624191105,False
-1.3482170614962634,-0.36137204032692616,0.3633629639749883,1.1603496516730973,True
-0.5477537266445159,0.015088159736148419,-0.0227195082787291,0.7381847818451084,False
-0.168645790449325,0.22053000338431564,-0.234962943263903,0.3663573943558311,False
0.41957489080527083,0.5984172390598902,-0.6202878488861453,-0.38416422845986464,False
1.2085850999680865,1.2529038026841333,-1.2554001501590555,-1.2989249094572501,True
1.8320428792595498,1.8875392148400825,-1.8181256353459576,-1.8550544650484082,True
1.0032557430292866,1.0663931135311888,-1.0795631467991187,-1.0879180317240689,True
0.5130229898430765,0.6670743661774913,-0.6891086155075897,-0.5080635473982738,False
-0.20762246686498823,-1.1536536920791935,1.1594189776784154,0.409422486155433,False
-0.8697989378785762,-0.84164610543036,0.8469452290141535,0.9675258046265746,True
-1.353696841233442,-0.3637523600171042,0.36577802362463835,1.1615662506947555,False
-1.2677686539815525,-0.6677824920461148,0.6725112159711346,1.1399466200911208,False
-1.4209268445566734,-0.6027686791671821,0.6071481477249402,1.1747520963781897,False
1.3646006491572433,-2.146159775001026,2.1580783116006383,-1.448672216799806,False
1.0398299215809135,1.0987900987011536,-1.1104240091556146,-1.1267531691223558,True
1.597459089930257,1.6367834365469511,-1.6026057917763528,-1.6578101187646195,True
-0.5953448488186208,-0.009224336642191142,0.0024187146788674876,0.7771753354756582,False
1.4172678294598782,1.4539477305139772,-1.4397836353080598,-1.4973770778674156,True
-0.761441288682971,-0.890459598287227,0.8958562885843168,0.8994128859267069,True
-0.08955881546203612,0.26646397070353983,-0.2822594698331813,0.2757948253323907,True
0.35703530406809275,0.553820778797557,-0.575357131679411,-0.29969105307291555,True
0.05581793759713034,0.35433127611406323,-0.3724493584966672,0.09893275272264915,True
1.7925337840009887,1.8443026683271901,-1.7816169216731266,-1.8225482250488378,True
-1.019668732016466,-0.7752435175929835,0.7803741685045964,1.0466696791424341,True
-1.6044653173602579,-0.5260037768574686,0.529836011510558,1.1945481120229449,True
0.6663104091114107,0.7849037193390771,-0.8061446473183264,-0.7018820158083041,True
-0.08292012206555709,-1.2171110074503142,1.2229751726704494,0.2680052575933137,True
1.0612213966107162,1.1179040278793915,-1.1285708871942957,-1.1492076248553575,True
-1.630044135746031,-0.4810978358982411,0.48452884057482226,1.1954713922516904,False
-0.16344217247684462,0.22351526542451217,-0.23803924050133177,0.36052875242307564,False
-1.4327185103669218,-0.59780092378747,0.6021494656290457,1.1767303459227831,False
1.3899212483234147,1.4269464353350088,-1.4153400699873897,-1.4721980340058536,True
-0.7467911875618358,-0.8971149515511991,0.9025233970973988,0.8894971137239572,False
-0.807853651925803,-0.11438168923400426,0.11099205722378114,0.9297100505667001,True
-0.16339934035039497,0.22353994331650712,-0.238064912965448,0.3604797750464157,True
1.0091758419377124,1.07161237362116,-1.0845441170045094,-1.0942419376672046,True
-0.785994904349336,-0.8793352943874007,0.884711755626398,0.9156525342917263,True
-1.4703143615798455,-0.41390254536293664,0.41659809608423465,1.1823846038819383,True
-0.2890208532493192,0.1528258572218047,-0.16510978511645374,0.49590064193727434,True
-0.13892289690186435,0.2376505405588343,-0.2526016801922884,0.3328146119163014,False
0.6111173500533723,0.741735445459403,-0.7634310910835758,-0.6334637949811377,True
-0.14868732146653313,-1.183401609258572,1.1892112074443568,0.34390021694447404,True
0.1165051895521465,0.3925013051997711,-0.41149040690372285,0.021491994697705068,False
-0.006603245311947412,0.31602035668708656,-0.3331766322266947,0.17644284413076847,True
-0.135183324651521,0.23981649464961072,-0.25483217422476195,0.32855151083542666,True
0.6657111331525175,0.784430708848677,-0.8056780680787871,-0.701147290832938,True
-0.19600389586758693,0.2049174929091146,-0.2188683519742753,0.3966962829011441,True
-1.5302593664319202,-0.43931600250934544,0.44231010814230015,1.1893541793548705,False
1.155159727528368,1.2032919609745063,-1.2090655876006777,-1.2456240568623935,True
-0.7860078484098217,-0.10381226633722711,0.1000996979880841,0.9156586790953363,False
-0.21367041584234384,0.19490767554825697,-0.2085445131345246,0.4160108256930302,True
-1.56280908988577,-0.5433246657917981,0.5472947941442707,1.1920955710507721,False
1.3879650049484682,1.4250222709780567,-1.4135952159483642,-1.4703876479570688,True
-1.6558400588114397,-0.4917969278511504,0.49532956202374967,1.1959613171123347,False
-0.46622065551117514,-1.0275050520265745,1.0331045865186177,0.6673168618836082,False
0.3392846466301777,0.5413612102178664,-0.562773320714317,-0.27563240971857844,False
0.14795661717689124,0.4126699531747308,-0.43208154217732003,-0.01939109995575719,False
-1.023719355992664,-0.7734654217477587,0.7785905156575408,1.048568711456986,True
-0.15597458278395812,-1.1797005336207678,1.1855044552746954,0.3521310543614629,True
-0.9364883330822966,-0.8119466219066837,0.8171763388366333,1.0048936885716016,False
0.7372056795123872,0.8415737682069516,-0.8619170335443311,-0.7875503627394337,True
-0.6222145129219283,-0.9542927249849111,0.9597932787877773,0.7984107951074432,True
1.7078203321834609,1.7529658750820707,-1.7035950380517644,-1.7519693633499633,True
-0.8652460484398475,-0.1419060883858198,0.13932184634182593,0.9648476235392319,False
-1.0758175754734725,-0.2400908854709809,0.23992556308530877,1.0718604708581942,False
-0.5269537925596103,0.025807548699588827,-0.03380478153921901,0.7205933475314817,False
-0.6846631251889198,-0.054076560540042964,0.04877126241122274,0.8455880285808817,False
-0.8829099307125886,-0.15030821883277695,0.14795838238670347,0.9751444196262457,True
0.8953492675278746,0.9729049506482612,-0.9897828766878999,-0.9699761623437635,True
-0.6273966289391301,-0.025433786259105796,0.019174714116580324,0.802441793861166,True
-0.16426505840626027,0.22304301603007945,-0.23755269811153928,0.361451063941231,True
0.9633975083979484,1.0314956234487356,-1.0461748392757946,-1.0449467423958927,True
-0.6889130844154095,-0.9235473909570467,0.92900051069755,0.8486883336914235,True
-0.3106938077963339,0.1408984518450674,-0.15278977415009823,0.5181204081929449,True
0.9506975603441764,1.0204663039798085,-1.0355906591020958,-1.0311103012437546,True
0.7585271072695773,-1.7138713574566193,1.7216354519619945,-0.8128350387503777,True
0.41641817670329145,0.5961400897567047,-0.6179979660362134,-0.37991864049338986,False
0.233032466346973,0.46862311295295705,-0.4890586719006215,-0.1321358809996425,False
1.7779859554587056,1.8284845365716278,-1.7681915909491226,-1.8105181746364671,True
0.8057714534947974,0.8976825263542707,-0.9167875217331516,-0.8680865566030099,True
-0.8026616462421824,-0.1118744667522076,0.10840872902137119,0.9264044428757958,False
0.03600974266054971,0.3420733318796276,-0.35989305743341454,0.12377379460597816,True
-1.4364052134174765,-0.39941908722191855,0.4019322608229177,1.1773312828778786,False
-0.280652930178762,0.1574516358818462,-0.16988683755215206,0.48723155261325063,True
-0.5829569461659179,-0.002924011133873281,-0.004094994379201461,0.7671950670879986,False
1.0458780312602776,1.1041818141407627,-1.115548267604466,-1.1331208852747396,True
-0.7893783089903118,-0.8778053111411939,0.8831784243731583,0.9178510339117666,False
1.2901205716011341,1.3300817692489753,-1.3268306239671397,-1.3782427214245667,True
0.2507921692199401,0.4805608397444467,-0.5011850115279622,-0.15598218996804758,True
1.0873096357989729,1.141381432141909,-1.1507962453951222,-1.176338654194465,True
-0.3878435365858466,0.09904448110345988,-0.10953728215292076,0.5944016445961021,False
1.4455155471315442,1.4820457824920965,-1.4651112263596833,-1.5231428946920893,True
0.2540361692522623,0.4827507773908001,-0.5034088600025017,-0.16034525477226874,True
1.597459089930257,1.6367834365469511,-1.6026057917763528,-1.6578101187646195,True
0.09955787396141846,-1.3139268243507602,1.3199835971516263,0.04331439920489931,True
0.11096884836842252,0.3889792544433334,-0.4078919966662489,0.02863715897120996,True
-0.5087350059010403,-1.007359566712511,1.0129327194735718,0.7049089913788685,False
-0.9127393014177677,-0.16442514836661967,0.16245730450009735,0.991982613329379,True
-1.6326558522674588,-0.48218317240485414,0.48562465573284447,1.1955421676610691,True
-1.1237031713866654,-0.7298337344909027,0.7348167669371265,1.091444223878847,True
-0.20536245165892542,-1.1547867997032155,1.1605538369782324,0.4069548215165534,True
-1.5326812008131165,-0.4403376978478692,0.44334292587951557,1.1895838431203456,True
0.46528405788456656,0.631698656151118,-0.6537028986128243,-0.4452562000880852,True
-1.489940405019075,-0.4222493563501821,0.42504606461303596,1.1849424121027634,False
-1.5470437518041324,-0.5498951415928703,0.5539155674422693,1.1908582817069477,False
-0.7484534712227658,-0.08551926761479238,0.08123352205500456,0.8906324377993209,True
-0.18257011646073854,-1.1662482103949885,1.17203201240389,0.38186358862174685,True
-0.15986395607663625,-1.1777278717598347,1.183528791990297,0.35650916744600714,True
-0.22161920081851944,0.19042213714115896,-0.2039174909130924,0.42462984670321235,True
1.3177796896551368,1.3566635906248679,-1.3512466833549182,-1.404616571791726,True
0.7120356708820628,0.8212973196522736,-0.8420017244500148,-0.7574176770813873,True
0.49110228082217294,-1.5421101743418812,1.54892527370832,-0.4793681302030296,True
1.7874162136607015,1.8387317754618848,-1.77689276052011,-1.818320240715671,True
-0.08724008607143553,-1.2148792654957867,1.2207399171873534,0.2730773689275254,False
0.7182315030658766,0.8262726405586925,-0.8468922330347658,-0.7648641178128641,False
-0.6679249009100929,-0.9331883986393176,0.9386568187473584,0.833242091312408,False
-0.9348823627044359,-0.8126588242964129,0.8178905068907444,1.0040332393901743,False
0.5197451107000332,0.6721064421821213,-0.6941352899002755,-0.516813917147721,True
1.3401547796945275,1.3783150689874442,-1.3710633413163071,-1.425761166218188,False
0.06323658550685661,-1.2942279290338112,1.3002405398732741,0.08957362195155842,True
-0.7849535893668131,-0.10330087036000574,0.09957241631062767,0.9149725779594695,True
-1.187339220591589,-0.7023111504265064,0.7071896254330394,1.114783325118899,False
-0.6625576780598215,-0.9356588376804621,0.9411307061048121,0.8292382644486159,False
-0.2737468669641155,0.16127812838938008,-0.1738376858511399,0.48003742627938334,True
1.2396429099745645,1.2820939393544752,-1.2825099778873044,-1.3294206167154623,True
1.3284466030306818,1.366968832344414,-1.3606868408059773,-1.4147179009280972,True
-1.223767089875847,-0.6866378786346343,0.6914507339758732,1.126776965128054,False
-1.4375123981857416,-0.3998930991544945,0.4024123665064748,1.1775073993116099,False
1.3375709983015507,1.3758079012876645,-1.368772189445101,-1.423328103895521,True
1.0343912558022192,-1.9035412500061315,1.9128030678330517,-1.1210136237437354,True
-0.3443887508137237,0.1225046450159073,-0.133785687806566,0.5519797432480613,True
0.5091580039261996,0.6641870636740629,-0.6862233230441612,-0.5030221620828418,True
-1.5404279657207225,-0.5526549671549819,0.5566957370683937,1.1902883771518096,True
1.227772290554323,1.2709067920409187,-1.27213339653573,-1.3178065117830167,True
-1.10995036287604,-0.2556219989167565,0.25577931693618566,1.0859980640432936,True
1.0410689745172133,1.099893557815708,-1.1114732035265518,-1.1280588454753786,True
-0.3014477093492537,0.14597728098799703,-0.15803633888175062,0.508684998438,False
-1.4248148275440289,-0.39445002195883627,0.39689889096510444,1.175416534449141,False
1.2161113728254171,-2.0350273570437545,2.045624724218512,-1.3063473941447836,False
-0.3781561924194219,-1.0697338382002897,1.0753867854635084,0.5850658553106856,False
-0.3560180239122383,0.11619804658821922,-0.12726765793228495,0.5634694553453121,False
-1.146836283445247,-0.7198072306874828,0.7247535713327838,1.10028041563837,True
-0.5083073495771647,0.03546669979784513,-0.043793912704971794,0.7045388239030046,False
-0.2656318070391884,-1.1247643427426919,1.130489256122699,0.47153953315706704,True
-0.8779677584951299,-0.8379944863029183,0.8432857051658907,0.9722886188998323,True
-0.257004817357724,0.17058773671051744,-0.18344920964591452,0.46245345419250594,True
-1.0883136148769124,-0.7452216250270517,0.7502583952493332,1.0771400481465503,False
1.3248351590848773,1.3634762225812915,-1.357489664284527,-1.4113022617989084,True
0.5262755556509197,-1.5639913027606966,1.570907648631452,-0.5252921903957403,True
-1.552428402717284,-0.5476503649855546,0.5516536244705026,1.1913001256146487,True
1.758253342168393,1.8071168726234412,-1.7499982321835856,-1.7941435250474718,True
0.3597328107305396,0.5557218908241043,-0.5772758690086617,-0.3033464409305762,True
-0.942307166091898,-0.809367040052762,0.814590096278377,1.0079884008141924,False
0.19912845732578766,-1.3691953570183975,1.375391758292525,-0.08687769125106627,False
-0.34507116345384575,0.12213381038312916,-0.1334019963348953,0.5526565336562508,True
0.027189914222246706,0.33664636701371065,-0.3543304885169837,0.13476195972191682,False
0.38450799945164404,-1.477154271917035,1.4837012856890541,-0.3368785537913336,True
1.597459089930257,1.6367834365469511,-1.6026057917763528,-1.6578101187646195,True
-0.08948414655811796,0.26650775370980867,-0.2823044790122517,0.275707692279135,True
-1.4200862502178364,-0.39241997685669633,0.3948424070800232,1.1746069032725093,True
0.9512416858929776,1.0209381489751157,-1.036043614252662,-1.031704664267109,False
-1.3792889185469843,-0.3748407737248934,0.37702468798402805,1.1669677776189376,True
0.37828811346173735,0.568853777806622,-0.5905219248751497,-0.3284673709118043,True
-0.47837039200626447,-1.0217324116175976,1.027324538236925,0.6782015495060302,True
-1.5631838618140212,-0.45317278272036726,0.45631902801367324,1.1921220886976116,True
-0.7061887741108824,-0.06473964574806554,0.05978458000193304,0.8611430620756902,True
-0.7360697622879588,-0.07945227281884161,0.0749727402085375,0.8821375165810766,False
0.16178672000476063,0.4216264825236892,-0.44121704521201616,-0.03751904876535618,True
0.8827947994100078,-1.7977908211745521,1.8061563966207412,-0.9559186304372795,True
0.09267290039369445,0.3773976324569815,-0.39605304178904893,0.05213749812446577,False
0.8564491442665266,0.9399726077132997,-0.9579064682955465,-0.9261845988249203,True
0.31735656329023637,-1.4373011917162763,1.443705557966285,-0.24591039677037638,True
-1.5984101766690353,-0.46792105222417796,0.4712211274591188,1.1942639847417462,True
-1.52937160798206,-0.5572704918052807,0.5613454286549415,1.1892680589391817,False
0.5042743275153498,0.6605444275486096,-0.682581691010884,-0.49664122529721666,True
-0.8732626731422447,-0.8400971902604073,0.8453935174867236,0.9695516528620672,False
-0.3708154431963371,0.10820306489391901,-0.11900413725289942,0.5779470333238151,False
-0.13135166655864292,0.2420387614024159,-0.25712071549324633,0.32417386375414053,True
0.9382136110416766,1.009666689179961,-1.0252130278436753,-1.017440494266089,True
-1.6210913253830883,-0.47737525877954295,0.4807696493811584,1.1951993612282024,False
-0.4589353472279661,-1.0309725160082388,1.0365765119894403,0.6607364130629488,False
-0.5342411835866883,-0.9953446422381361,1.0009016845190188,0.7267952906670442,False
-1.6329359743183023,-0.4822996091752506,0.48574194020457945,1.1955499087993902,True
-0.9151377180498103,-0.16555643194761216,0.16361840747505227,0.9933061682953976,True
-1.198449573398073,-0.697524763823349,0.702383399977647,1.1185468129025622,False
0.7224728061717711,0.829684420736182,-0.8502447060130554,-0.7699501080151863,True
0.1750706239480925,-1.3556652255251447,1.3618245046076383,-0.0550118971715312,False
1.350311405357749,-2.135324351784918,2.147106069140969,-1.435304037773666,False
-1.516541036495671,-0.5626319255206079,0.5667453601587911,1.1879786890082182,False
-0.8935276218106938,-0.8310499901436083,0.8363257256497715,0.9812178541496711,True
-1.630254117305158,-0.5153088721309889,0.5190513139594904,1.1954780273917567,True
0.8099032073325056,0.9011045555690531,-0.9201220055691797,-0.8728681275080409,False
0.6296017341376611,0.7560998756002439,-0.777665765673448,-0.6565478626576832,True
-1.3668442174731195,-0.36945453863520855,0.3715621680030361,1.1643998992967877,False
-0.35583207564182545,0.11629872430820272,-0.1273716952479373,0.5632867926341051,True
0.33352980522953457,-1.4468231029784318,1.45326005448953,-0.2678319924746339,True
1.554500511592707,-2.292949694594265,2.3068833087721483,-1.6203711356564463,False
0.9654661603063707,1.033296468806818,-1.0479013890809488,-1.04719374244147,True
0.5709893939188256,-1.5921230454528665,1.5991771870404219,-0.5827578447172029,True
-0.12038113603557393,0.2484165690772226,-0.26368763381729504,0.3115860778584637,True
-0.807853651925803,-0.8694635868751178,0.8748208174037369,0.9297100505667001,True
-0.9143412350318574,-0.16518075663077914,0.16323272842093306,0.9928673717190794,False
0.30167765538690444,-1.428116884702225,1.434490737729503,-0.22467394509570535,False
-1.1201739679721203,-0.2602542637914366,0.26050522768506407,1.0900596146709483,True
-0.7748145282415752,-0.8843959362150315,0.8897817992614074,0.9083153828869321,False
0.13163511409969625,0.4021693785038409,-0.4213645439158486,0.0018854334109817629,False
0.5907946589498391,0.7260505942876042,-0.7478637086592885,-0.607886046568747,True
0.09340700853729414,-1.3105744985474668,1.3166233484977816,0.05119709057616633,False
-1.0863129504367244,-0.7460934069155157,0.7511323988349845,1.0763029947387932,True
-0.6558998333901496,-0.03974024270871431,0.03396021809501373,0.8242379246537526,False
0.25552533584483206,0.4837572293034302,-0.5044304787866221,-0.16234932317784917,True
-0.9624061630744086,-0.18773509243962005,0.18636496633871796,1.0184824378137107,True
0.12454669789346613,-1.3276177389394779,1.3337069749014303,0.011085150144763302,True
-0.5911220836007346,-0.007078665919689647,0.00020068801432511057,0.7737862183818424,False
-0.807853651925803,-0.11438168923400426,0.11099205722378114,0.9297100505667001,False
-0.8781176237865652,-0.8379276849724749,0.8432185617723518,0.9723760705830284,True
1.6914726051365772,1.7355550095499122,-1.688585095597919,-1.7381913208207578,True
-0.10164894589050817,0.2593619007230956,-0.2749525370082427,0.2899088755345557,False
1.598284712820865,1.6376407844752225,-1.6033576060191723,-1.6585251963833791,True
1.581985646985324,-2.3146187221308145,2.328875330834911,-1.6443792055863218,True
1.597459089930257,1.6367834365469511,-1.6026057917763528,-1.6578101187646195,True
-0.25434287742847306,0.17207239433180863,-0.18498199266736437,0.4596403323383748,True
-0.9425515139353892,-0.8092586807902016,0.8144819600631571,1.0081188077455412,False
1.3374296555849157,-2.1255817048083983,2.1372419217363334,-1.4231951352148635,True
-0.052414748166952636,0.28847067803732945,-0.3048855655843416,0.231844366836295,True
-0.807853651925803,-0.11438168923400426,0.11099205722378114,0.9297100505667001,False
-1.1607451528156851,-0.2785500760172127,0.2791578887466973,1.105400805803128,False
0.98925211276041,1.054083870101789,-1.0678028209002843,-1.0728985227316434,True
0.9867172660992349,1.0518610001535578,-1.0656779513979027,-1.070170810949838,True
1.5828996439901108,1.6216938633606761,-1.5893467799652279,-1.6451742551505701,True
0.5599921078577822,0.702493345598609,-0.7244360359142997,-0.5687188613506543,True
-1.2350863146003703,-0.6817797083988194,0.6865713579694003,1.130301286530536,False
0.1042507135954356,-1.3164892478761006,1.3225520814809604,0.03728637477580995,True
-1.3526605295000438,-0.6316328323995829,0.6361783928507904,1.1613382460238761,False
-0.10239951672755788,0.25892199015133577,-0.2745000236231172,0.29078254162593536,False
-1.2066052141972319,-0.6940144721277699,0.698859008743676,1.1212487916084413,False
-0.31603427777641474,0.13797081384286441,-0.14976543485676808,0.5235444586634657,False
0.9585389019915174,1.0272709556016044,-1.042122011019905,-1.0396614055870117,False
-0.3889752558674919,0.09843751747627322,-0.10890922233816089,0.5954878758972251,True
1.4592147204212091,1.4957480479887661,-1.477422906357593,-1.5355516549789234,True
-0.7079882625716096,-0.914811267467505,0.9202500457110224,0.8624290273298949,False
0.5578260234553879,-1.583805118919638,1.5908175491821543,-0.5659460585854899,False
0.30539744383326084,-1.4302917999817504,1.4366723141579092,-0.22971040898361228,True
1.368636904354042,1.4060672252237336,-1.3963708821377498,-1.4524363374714584,False
-0.5139326015134671,-1.0049068509826102,1.010476743156647,0.7094102416880078,False
1.597459089930257,1.6367834365469511,-1.6026057917763528,-1.6578101187646195,True
-0.8890925367146214,-0.833028037954477,0.8383081284334803,0.9786908474015876,True
-1.1825432418813282,-0.2883232460764363,0.2891130639051571,1.1131313546869075,True
-1.034187092015578,-0.7688744348889157,0.7739859791201851,1.0534164788239266,True
0.7840171571093965,0.8797424018099941,-0.8992815085864804,-0.8427773064528662,True
1.7040099930042623,1.7489015519527205,-1.7000951655741012,-1.7487628257912189,True
0.6737110231388798,-1.6580668881041327,1.6654825160737978,-0.7109409795840957,True
0.8963502170191132,-1.8070974545732423,1.8155360909470906,-0.9710941513999569,True
-1.6001245997545217,-0.527806034183195,0.5316528997569409,1.1943480046605257,False
-0.717499677540831,-0.9104644250942372,0.9158957625916473,0.8691723948176161,False
0.6034454052991636,0.735800888240759,-0.7575440494979659,-0.6238327256273449,False
-1.6513939933024577,-0.5065577536467034,0.5102245286228151,1.1959093357101325,False
-0.5000133786467349,0.039778410487899554,-0.048252993688218684,0.6973095220132698,False
0.4899382525974445,0.6498896226025135,-0.6719240964178583,-0.4778377875758542,False
0.17055580425570763,-1.3531386881496041,1.35929164559375,-0.049058588844676294,False
-0.12054941177648928,0.24831864456198133,-0.263586717122701,0.31178046936516346,False
1.3182027717642095,1.3570715793435806,-1.351620818978426,-1.405017930126183,True
-0.25491205637030356,0.1717548597394708,-0.1846539396607157,0.46024138038993456,False
0.39471550927896637,0.5805599812291704,-0.6023175948565385,-0.35066920720730277,False
-1.250126367505683,-0.6753326534276137,0.6800957408096695,1.134840028652139,True
0.2726858251041157,-1.4112563252450985,1.4175759471287182,-0.18547991756731314,False
0.8154827055924245,-1.7520194316266495,1.7600450873837195,-0.8793126873167314,True
-1.2667831896691215,-0.32573178049256274,0.3271715396542635,1.1396697644275473,True
-1.2666979272928325,-0.3256942006109019,0.3271333979078538,1.1396457857521591,False
-1.1144686072901415,-0.2576703328564714,0.25786949467288345,1.0878025290318827,True
0.43393978912394426,0.6088139331355832,-0.6307376101704203,-0.40344366164880074,True
-0.680945157166608,-0.05222896115954421,0.04686330287275308,0.8428653913852275,True
-0.23696659723545135,-1.1389932559741767,1.1447379605637908,0.44114508206179154,True
0.4349479360151586,0.6095458340211505,-0.6314726410590124,-0.4047937132428788,True
0.11309022133205551,0.3903277776283372,-0.4092695057232113,0.025900693385270266,False
-1.4430812369560946,-0.4022767534728104,0.40482677592051913,1.1783892027751637,False
-1.5795373123048837,-0.46002940194932207,0.46324798960470126,1.1932216250774654,True
1.4850164080192565,1.52168984338891,-1.5006592825114593,-1.5587727466877408,False
0.651907652612575,0.7735585815678525,-0.7949382692585842,-0.6841749195845404,False
-0.08616245997154698,-1.2154358905811393,1.2212973337638748,0.2718145692487146,True
-1.253886456298473,-0.3200409813294945,0.32138678843436064,1.1359483420250023,True
-1.066974295394619,-0.7545295225831629,0.7595965303072684,1.0680541077569683,True
-0.9747911465173866,-0.19351090813581734,0.19228258007333984,1.024795340230479,True
-1.200227715119675,-0.6967591519873942,0.7016149833021561,1.1191408216845764,False
1.597459089930257,1.6367834365469511,-1.6026057917763528,-1.6578101187646195,True
-0.6530091254492009,-0.03829404981175825,0.03246586713443298,0.8220557498230002,True
1.6679466409012376,1.7106219274151806,-1.667013747211616,-1.718264320988738,True
0.10466670444538088,0.38497985223979925,-0.4038044507520948,0.03675107166435622,True
0.2545168769818053,0.48307565373287237,-0.503738309126943,-0.16099237731795396,False
-1.5539156712171516,-0.4492793813630851,0.452383512485944,1.1914194320694864,False
-0.07212652409185483,-1.2226982603551637,1.2285720525724841,0.25527935107362204,True
1.457558775218822,-2.2173714765046624,2.2302299686634526,-1.5340547156774278,True
0.5811355718773079,0.7186353075645106,-0.740495577099046,-0.5956559979347912,False
-1.0594849351087143,-0.23262321961383048,0.23229702193797347,1.0647836591591842,True
-1.0442919433531228,-0.22565482449245347,0.2251756995311598,1.0580147725137048,True
0.6219207402805095,0.7501196110818619,-0.7717424236235713,-0.64697631851351,True
-0.001051615195809706,0.319391063617438,-0.3366352404221816,0.16964194788033968,False
-0.1707378203487717,-1.172222618525921,1.1780153801992461,0.3686956699812028,True
-1.0203021350269792,-0.7749652652183704,0.7800949003688586,1.0469673342211616,False
1.0564568169463124,1.1136363655357373,-1.1245231195094108,-1.1442227697496203,False
1.0027865470947572,1.0659796567455113,-1.0791685444190031,-1.0874160656404788,True
0.7625461667662627,-1.7165454799589497,1.7243274286457044,-0.8175768515514188,True
-1.207707678486996,-0.2995572580742597,0.3005505138673499,1.121611082182745,False
-0.717499677540831,-0.07032127703217245,0.0655474743787497,0.8691723948176161,False
0.7551736605281348,0.8561539461293722,-0.8762092339894044,-0.8088727991214482,False
1.128117193664877,1.1784693404221074,-1.1857629774504435,-1.21822691145069,True
-0.980761402407899,-0.7923657434663526,0.7975446125335653,1.0277941570838711,False
0.2758415767837383,-1.413083907204892,1.4194087877957144,-0.18974004317983484,False
1.5860549695152832,1.6249593661171247,-1.592218868439816,-1.6479171487848605,True
-0.1482554759430025,-1.1836212921881517,1.1894309509131546,0.3434113601286828,True
-1.0577961851637432,-0.7585396012380861,0.7636191386198453,1.0640380630869968,True
-0.6690758140866571,-0.04631981706730832,0.0407588418793096,0.8340984117136155,False
-1.4425841422107968,-0.40206398833149376,0.40461121633159053,1.1783110323024684,False
0.43022148454224984,-1.5047590075283757,1.5114143126744608,-0.3984590688288094,True
0.40209093476709046,0.5858398727923151,-0.6076336732779536,-0.360621340502804,True
-1.1822512330719095,-0.2881925021818801,0.28897985684307703,1.113029618805287,False
1.3368587879171823,1.3751169875701934,-1.368141219456843,-1.4226570549611532,True
0.8929290753524144,0.9708442850544093,-0.9877917186289421,-0.9672722895684657,True
-0.3691574401869483,0.10909741643071685,-0.11992871491616316,0.5763316386710489,False
-1.378841367290157,-0.620542063913369,0.6250260653680074,1.1668777631573581,False
1.1925324181715447,-2.017682717431145,2.0280892359832765,-1.2830228280306577,True
0.9033476965989191,-1.811912932676704,1.8203896854137724,-0.9788958574548086,False
1.0789553863337558,1.1338435529295914,-1.1436676711177463,-1.1676805359700067,True
1.361862293821331,1.3994467231591248,-1.3903431172506302,-1.4461154837422865,False
-1.5232330105022884,-0.43634961596179367,0.43930992286770054,1.1886674772770771,False
1.3897464492038865,1.4267742951167437,-1.4151844832006228,-1.4720362003168865,True
0.5664735754877915,0.7074285906372952,-0.7293483080327341,-0.5770004345095984,True
-0.0710339293513412,0.27740325406345945,-0.2935093621779969,0.25398542317582085,False
0.7143751064653057,-1.6846704851586098,1.6922471836127813,-0.7602314486286786,False
1.6084924031295211,1.64825545239027,-1.6126633501836876,-1.6673508289769603,True
-1.2652845543419795,-0.32507124602041443,0.32649997244020074,1.1392425306983436,True
1.209233424239928,1.2535105159400346,-1.255964992294214,-1.2995649398219506,True
0.15100989248271823,0.41464258209441085,-0.43409469735127093,-0.023385354434115352,False
-0.07207805235799754,0.2767849456995468,-0.2928739338367115,0.2552204464666443,False
-0.2919320014091605,0.151219175257952,-0.16345044533664804,0.49890635375698494,False
-1.239908686959121,-0.679711574827187,0.6844938468009003,1.1317758899556791,True
-1.3645406995388167,-0.36845650155991755,0.37054993913183487,1.1639128543175914,True
-0.5401827929666312,-0.9925531966898656,0.9981066245180018,0.7318204707338914,False
-0.7840606765863408,-0.10286772538823467,0.09912598193927379,0.9143889889636541,True
0.6374064992671242,-1.6345530896818579,1.6418334650130997,-0.6662423678552813,False
-0.7690905520950381,-0.09559132592045187,0.09162327712902542,0.9045220917283482,True
-0.20743079243986007,0.19843667128586823,-0.21218455993633642,0.4092148879446226,True
-0.5088593668849342,0.035180233066654444,-0.043497613965827096,0.7050164059652636,True
-0.7347136502778112,-0.07878665090851512,0.07428590047479573,0.8811986834926622,False
0.15505990453065896,0.41726361793007627,-0.4367673655712055,-0.028690865082980015,False
1.2043216450303247,1.2489167708947457,-1.2516884048358643,-1.2947105780228298,True
0.3070799562085004,-1.4312763314238102,1.4376607049624615,-0.2319891688665659,True
-1.5013597050510235,-0.5689829468433399,0.5731413800409164,1.186308001673392,True
-1.6402428603577959,-0.5111719100698329,0.5148790489778974,1.1957191118036892,False
-0.9670352233010415,-0.7984251103127672,0.8036200268413297,1.0208563911025514,True
1.2744478336337217,1.3151100055671923,-1.3130354961264175,-1.3631807063353736,True
1.380698313998818,-2.1584021190409297,2.17047745971459,-1.4636526932680551,True
-0.8116475163646824,-0.11621212760529093,0.11287740271646114,0.932113140402056,True
1.8417319275939896,1.8982042704824187,-1.8270893808443547,-1.862992211609469,True
-0.9669317117438849,-0.18984734889445332,0.18852976513907696,1.0208036195128036,False
1.2204506138790203,1.2640254517936649,-1.2657429528132649,-1.3106174876658496,True
0.07731544405748833,0.36774391580604,-0.3861784915004867,0.0717266074262414,True
-1.0012166926332886,-0.2057852521197962,0.2048511895335751,1.0378627026461211,False
0.010328483038809828,0.32632175177526535,-0.3437449499894944,0.1556440646744513,True
-1.4590419394086787,-0.40909659192150477,0.41173237976231364,1.180795643691662,True
-1.2325968155678075,-0.6828475975358832,0.6876439366059128,1.1295348502220788,True
-0.9186398953071546,-0.16720727450321518,0.16531254611280774,0.9952316514567046,False
-1.5521078109056274,-0.4485191722050294,0.45161516177381084,1.1912736135657063,False
0.6233503742783031,-1.6255099955836314,1.6327400419203975,-0.6487597864404054,True
-0.6251177031455415,-0.9529478699433518,0.958446475477661,0.8006709301936202,False
-1.5944858263562138,-0.46628181966225135,0.469565226936055,1.1940672083357922,False
0.9115496433039734,0.9867407716582092,-1.0031364139693488,-0.9880117563952386,True
1.1358109104404737,1.185511579278943,-1.1923818344393131,-1.2260505529385926,True
-1.0651811120611339,-0.23523030581842239,0.23496075890246615,1.0672736379809982,True
-0.03615539314916543,0.29819601033795673,-0.31487696414163724,0.21232974684810335,False
1.5255985032599069,1.5628459323788106,-1.5373297913485051,-1.5949106606666572,True
0.4096632917462504,-1.4922974448958186,1.4989025325578127,-0.37082668979788114,False
1.5742780693432645,1.6127845415239472,-1.5815032962464295,-1.6376662305889869,True
-0.20754561722485246,0.19837158336183908,-0.21211720948627516,0.40933978936482046,False
-0.3328217940238777,0.12879828119214967,-0.14028881460121093,0.5404508461018043,False
1.233344313651586,1.276153249677886,-1.2770017025121716,-1.3232645308110385,True
-0.7301644228368555,-0.07655291514404906,0.07198035484264013,0.8780434632973958,False
-0.5875020634655602,-0.9704210647568354,0.975943891826953,0.7708710049335982,False
-1.242385681033498,-0.6786494415881973,0.683427506225369,1.1325242860137659,False
1.576580425460944,-2.3103485622930964,2.3245412376654557,-1.6396730843897012,True
-0.6241895869619842,-0.9533776621575606,0.9588765218495612,0.7999490159410769,False
0.7108091572529062,0.820313761717758,-0.8410346247328679,-0.7559415332648021,True
0.7281111533303279,0.8342275029356037,-0.8547072086146071,-0.7766982854293842,True
1.057270131464894,-1.9198158826648448,1.929230067178122,-1.145074416587884,True
1.7931670361592709,1.8449924653809149,-1.7822013820304512,-1.823071116262373,True
-1.3666967283389808,-0.6256833266432613,0.6301963404428332,1.164369182925515,False
-0.3316474029644501,0.12943865423651407,-0.14095051924063953,0.5392754532931857,False
-1.0606946755437745,-0.23317716479911668,0.23286294853827055,1.0653135731694376,False
0.672035174463807,0.789429101907259,-0.810611233757125,-0.7088914583950755,True
0.9189618329181003,0.9930946149121086,-1.009261272787622,-0.9962241478586097,False
-0.6000599820489074,-0.011616790883835151,0.004892599836038371,0.780941583879792,False
-0.5779452875504489,-0.0003696200276495883,-0.006736119597904081,0.7631246440085862,False
-1.0453459067879896,-0.7639860524873963,0.7690829801019526,1.0584903841328381,True
0.47729677345764276,-1.5335818203750184,1.5403590970727132,-0.46117009740810877,False
-1.1742463723592724,-0.28460771865176304,0.2853293675386197,1.110229718295181,True
0.5767304389275009,0.7152621555236242,-0.7371415022014892,-0.5900622935080231,True
0.4176110173577392,0.5970002948601999,-0.618862705686589,-0.38152355512820685,True
1.4670422881798106,1.503599375118706,-1.484465670652865,-1.5426168945063432,True
-1.624018731757781,-0.4785931273970264,0.4819994424035502,1.1952955651530979,True
-0.3889589174896339,-1.0645157876916564,1.0701625350094144,0.5954712467646839,True
-1.145883769219615,-0.271864318004389,0.2723439402828256,1.0999266514833326,False
-0.47722149357658883,-1.0222776712727144,1.027870221804576,0.6771770383745388,True
1.227147240817,1.270318777608218,-1.2715875822545009,-1.317193696648475,True
-0.3351666267686547,0.1275210103433271,-0.1389688909315369,0.5427958975688494,False
1.6264090115815621,1.6669525052714262,-1.6290161986915532,-1.6827805682777426,True
1.4835944459652746,1.5202554273242699,-1.4993772142558615,-1.557497996860485,True
1.0938256248334768,1.1472738165027965,-1.1563632072269603,-1.183071777908794,True
1.1646652871281051,1.212063276566206,-1.2172807884171184,-1.2551868377787156,True
-1.482774059269278,-0.576769165058378,0.5809811372922042,1.1840403716987222,True
-0.5105130776791124,-1.0065202829387216,1.0120923299423907,0.7064515236664888,False
-0.11343665430662801,0.2524661338488787,-0.26785604117482115,0.30357809276591496,False
0.9105212312143635,0.9858603708723478,-1.00228729125071,-0.9868702312519319,True
-0.34977935924702586,-1.083493207869004,1.089164317955891,0.5573185291455288,False
-0.22631501782642963,0.18777750277264313,-0.20118913766354946,0.4296997531155192,False
-1.6597242939157644,-0.49340454012696944,0.49695229127597895,1.1959978151065256,True
0.3748328706647313,-1.4713608561113878,1.4778859903299264,-0.3237924457678449,True
1.0729258815170917,1.1284148429321772,-1.138529783777268,-1.161414512735897,True
1.2636302395324923,1.3048137933326747,-1.303531632007774,-1.3527341990797166,True
-0.7907299616861978,-0.8771943967162865,0.8825664545454435,0.9187283713451583,True
1.3358275801633095,1.3741172991975332,-1.3672272530379164,-1.421684996681563,True
-0.24406644416702655,0.17781496178121348,-0.19090840073549323,0.44872808864554503,False
1.6238925703537166,1.6643212205673263,-1.6267180737555205,-1.6806181941364644,True
-0.9961393913772983,-0.20343218025939047,0.2024423365062019,1.0353937990151683,True
-0.807853651925803,-0.11438168923400426,0.11099205722378114,0.9297100505667001,False
0.5296611042504324,-1.5661091632344166,1.5730354092798637,-0.5296787489727973,True
-0.3758845772432448,0.10547206914925666,-0.1161813349998534,0.5828677935637265,False
1.812175902899546,1.8657472131195847,-1.7997584324416116,-1.8387377285191726,True
0.5418147531754219,0.688713922625026,-0.7107065974895221,-0.5453787273079956,True
-0.7561107925630924,-0.8928795355573121,0.898280475640073,0.8958250563102163,True
-0.19072210440440526,0.20792093484876903,-0.22196499485719937,0.39087953480296156,True
0.47278074088458166,0.637212008752279,-0.6592291743724691,-0.45519530619578386,True
-0.807853651925803,-0.11438168923400426,0.11099205722378114,0.9297100505667001,False
-0.9764876614746996,-0.7942511919661516,0.7994352824763917,1.0256491724124197,True
-1.4028899186258046,-0.3850248730119823,0.387348208736171,1.1715327312875539,False
1.6421135260294253,1.6834098066129057,-1.643367902639134,-1.696242640807085,True
1.5508571146785772,1.5886804350283017,-1.5602262167631191,-1.6171740323868198,True
1.1356094901143907,1.1853270132421099,-1.1922087003098718,-1.225846278742753,True
-1.0295540146833608,-0.2188760772191472,0.21824403839363077,1.0512807504206005,True
0.9819584669198994,1.0476932258835119,-1.0616902116282654,-1.0650424917708903,True
0.8363865925133325,-1.766154674468884,1.77428275844392,-0.903327247971528,True
-0.10734377906609797,-1.20452635568087,1.210369939868048,0.29652375053028895,False
1.7629432426877005,1.8121862005194207,-1.7543207802146887,-1.79804141818864,True
-0.5182495048248748,-1.0028713844777852,1.0084390919693405,0.7131314540557927,False
1.3237062919125522,1.3623856299577173,-1.3564898189783496,-1.4102335975408438,True
0.6806247294762774,-1.6625702572674739,1.6700123936528808,-0.7193785955910174,True
-1.238919846822823,-0.6801354153692694,0.6849202330513086,1.1314735276882617,False
-1.196429213018052,-0.2945285569134785,0.2954318589477089,1.1178694538269422,False
1.327369151908387,-2.117989696151921,2.129556401208659,-1.4136993281371812,True
0.9423353237062814,1.0132273040707043,-1.0286365120334666,-1.0219612522891652,True
1.0597620961025596,1.116596527840884,-1.1273310612109573,-1.1476820052930374,True
1.7667242408598618,1.8162772609227031,-1.7578060658451815,-1.8011811033937444,True
-0.07966579279842416,0.272296791525898,-0.28825928605040035,0.26417647176880027,False
-0.46363134334332956,-1.0287369219246698,1.0343378494787516,0.6649823217072522,True
1.8224838698507502,1.8770409962491963,-1.8092861645637588,-1.847210654694613,True
0.8699772680284882,0.9513789360433459,-0.968961850731434,-0.9414921985562303,True
1.3435093158855642,1.3815723520729724,-1.3740399081113157,-1.4289168644418357,True
-0.18530082729558775,0.2110089780991046,-0.22514882689143764,0.38488882595141366,False
-0.717499677540831,-0.07032127703217245,0.0655474743787497,0.8691723948176161,False
-1.2065514571585498,-0.694037598719455,0.6988822874353612,1.1212314372456762,True
0.09093085616257085,0.37629933094240064,-0.39492994401723497,0.0543662913094498,True
-1.0739061775336676,-0.7515035503676079,0.7565602923426645,1.0710428082113075,False
-0.27919313261277773,-1.118063741551231,1.1237798517364925,0.4857144769891372,True
0.7766040681892197,0.8736581684522868,-0.8933366038508613,-0.8341013773943812,True
-1.591199210128694,-0.46490858828805376,0.4681775693033067,1.193894760777672,False
-0.807853651925803,-0.11438168923400426,0.11099205722378114,0.9297100505667001,False
1.7737172690858134,1.8238535577497037,-1.7642546873195815,-1.806981527676718,True
-0.7589230041426779,-0.09063502434845827,0.08651134367604162,0.897720364107199,True
1.1384400956583547,1.1879219348315533,-1.1946453320117363,-1.2287188904202104,True
1.2215547114515939,-2.0390437106143144,2.0496853567226068,-1.3117030247498223,True
-1.1393715173142507,-0.26892891148516085,0.26935121264281336,1.0974749531145207,False
1.597459089930257,1.6367834365469511,-1.6026057917763528,-1.6578101187646195,True
-1.3601505040015227,-0.6284568040307235,0.6329858282777263,1.162972944250002,False
-1.4712453870717501,-0.4142991815035513,0.41699960136497644,1.1825124542360983,False
-0.41078665586849117,-1.0540055552526062,1.0596388291671692,0.6162278955682428,False
1.6503693794192196,1.6920873516870278,-1.6509199982159843,-1.7032969193821648,True
0.6777618765905927,-1.6607045724565017,1.66813546984189,-0.7158873744201256,False
-0.8438859010236738,-0.13170263699023738,0.12882585917991993,0.9520712491807667,True
-1.051015385327634,-0.22874147986374863,0.22832992007760422,1.0610315820135823,False
-0.6716699629442359,-0.9314658551804644,0.9369314547060098,0.8360247065106468,False
-0.30468255226273927,0.1441989570402228,-0.15619908161464324,0.5119919533339657,True
-1.656591543619851,-0.5044080826257784,0.5080560760408451,1.1959690590825678,True
-1.1604298069494632,-0.27840832270013965,0.27901333907770065,1.1052863190567168,True
-1.5522251539788372,-0.5477349341367038,0.5517389734937178,1.19128245089529,False
0.6869810850422491,0.8012853499123368,-0.8223029506976299,-0.7271152842418616,True
1.2854327709781712,1.3255968821924586,-1.3227015001903464,-1.3737466851528084,True
-0.4310488551868185,0.07600177339124137,-0.08571274566012602,0.6351737524347364,True
1.6954348277986344,1.7397686463764832,-1.6922214885837563,-1.7415357633808035,True
1.3099796142628997,1.349146731188108,-1.344352249048574,-1.3972054228769053,False
1.6195695172395326,1.6598050593493112,-1.6227703647189777,-1.6768996812696337,True
0.06674835820501558,-1.296122425550128,1.3021388421526137,0.08513173012975613,True
0.9422782002584313,1.0131782786032304,-1.028588796758883,-1.0218985396703009,True
-0.5093584390349503,0.03492096212825991,-0.04322948451928585,0.705449939302623,True
-1.2898501672889708,-0.6583512446822195,0.6630343202946736,1.1460185286862619,False
1.5919893108195753,1.631108170383721,-1.5976226809137846,-1.653069324963892,True
-1.5877035462862992,-0.532966474286936,0.5368553886064917,1.1937024244261354,True
1.0309379119784032,1.0908804815986899,-1.1029018782716264,-1.1173628414883094,True
1.8078275714347554,1.8609910367973703,-1.7957412686327074,-1.8351587727231014,True
-0.424897315667981,0.07926592415743015,-0.08908750777675596,0.6294541131208505,False
0.9066976938948406,-1.8142215279156428,1.8227165059315922,-0.9826227987397925,False
0.49691885327845975,-1.5457134872400144,1.5525451569197424,-0.4870062810165307,False
1.4255112161781853,1.462125715090784,-1.4471663533524288,-1.5049213541836888,False
-1.2351381205495755,-0.6817571768213071,0.6865488968179427,1.130318682631746,False
0.49749626574253514,0.6554995348581382,-0.6775371701582761,-0.487763562850653,False
0.5231330928335955,0.6746469580279498,-0.6966719332777943,-0.5212149970487823,True
0.10648576557917797,0.3861331327831933,-0.40498350807853517,0.0344117715028753,True
1.4037463675622952,1.4405721578370543,-1.4276875620376266,-1.4849565706371488,True
-0.6728613780506724,-0.04820650650729782,0.0427073274665641,0.836907763996223,False
-1.5835400167931113,-0.4617050853393561,0.4649410837750251,1.1934636752649006,False
1.5016795655235544,1.538536034210277,-1.515698293518116,-1.5736670273821907,True
0.4942457082649295,0.6530848230395787,-0.6751217051849853,-0.4834984594626648,False
-1.6511937329376505,-0.5066404312493616,0.5103078047553281,1.1959049117929956,True
-1.512066580250538,-0.43162864736455786,0.43453505794145975,1.1875041142744271,False
0.827155649874003,0.9154426359914342,-0.934080656816271,-0.8927479676467375,False
-0.8842071277570542,-0.15092391520505347,0.1485911433396127,0.9758905188452811,False
0.8212694633080089,0.9105416803028332,-0.9293124529682557,-0.8859811149931103,True
-1.0471955545705518,-0.22698837051755794,0.22653863326005805,1.059321253322591,True
-0.1431945948422321,0.23517976163468476,-0.2500565696378624,0.33767167415679794,False
-1.1812558122856502,-0.7049340517038195,0.7098231384930852,1.1126833045631963,False
1.7172290895912157,1.763017817369127,-1.7122409977377742,-1.7598746437161576,True
-0.9439934761232951,-0.17912176813582142,0.17753556554009223,1.0088824150025284,False
0.1646549686819979,-1.3498423534597896,1.3559867952409446,-0.04128978505407703,False
1.33922561180014,1.3774129502039132,-1.3702394460264278,-1.4248863287278368,True
-1.1794535440338767,-0.7057116524477157,0.710603473831273,1.1120578554608065,True
0.5407638167401961,-1.5730682049425788,1.580027774239185,-0.5440239391180768,False
0.4331016338409703,-1.5065108131247842,1.513173224483841,-0.40232029139404163,True
-0.5995689346432389,-0.011367814615737484,0.004634806849583126,0.7805523736362612,True
0.7353322196880631,0.840058695688427,-0.8604302561438335,-0.7853181214425419,True
-1.3156027070081608,-0.647377558200058,0.652005901698816,1.1526480093822304,True
-0.7719570353796472,-0.885690528055029,0.8910787331888732,0.9064253553154412,True
-0.3851987913865825,0.10046422039228535,-0.11100473821168001,0.5918595002038918,False
0.882178864918102,0.9617091830667465,-0.9789602387328457,-0.9552269554498157,False
-1.4763449892953318,-0.5794651611514371,0.5836954464758207,1.1832002733140339,False
-0.6623997874273593,-0.04298897132457941,0.03731676226753115,0.8291205207995149,True
-0.6434879125736109,-0.9444522997255425,0.9499379117713699,0.81482358647477,False
-1.2953695738182134,-0.6559970398727616,0.6606689309019703,1.1474806794213472,False
0.7476963973692303,-1.7066779057351888,1.7143952047349724,-0.8000183703441349,True
1.2645177569569461,1.3056571691715124,-1.3043114410176246,-1.353592694736129,True
1.530035553667224,1.5673719921822833,-1.5413479767199552,-1.5988340233050935,False
0.9073636996586989,0.9831590598433713,-0.9996816928632374,-0.9833629701336023,True
-0.2866090025273538,0.15415812981339422,-0.16648512127651652,0.49340738155740965,False
1.4905231022745624,1.527248888451702,-1.5056265111592007,-1.5637036210627424,True
1.729591074846964,1.7762601911627798,-1.72360912777604,-1.7702345898348795,True
-1.4576039189561223,-0.4084827028643706,0.4111108548733571,1.1805863285821827,True
-0.634137673492139,-0.02882638045157165,0.022681632671924287,0.8076532196458673,True
-0.7599620170967384,-0.0911419552444699,0.08703414227574435,0.8984192797263907,True
0.9411096720029546,1.0121684556076338,-1.0276185030356262,-1.020617412032746,True
-0.40172862101280365,0.09160903283984866,-0.1018504338474968,0.6076578628914402,False
-0.9545345514487312,-0.1840569435009055,0.18259488763478704,1.014411341880996,True
-1.6345456671369791,-0.48296807731124436,0.48641695797411216,1.1955908265000554,True
-1.3087211041127964,-0.6503072325711644,0.6549510679631583,1.150923696028531,False
-0.4253228482947234,-1.0470302597046033,1.0526544703724037,0.6298514647081878,False
-1.3763610478339874,-0.6215916408972574,0.6260814624163231,1.1663750381709983,False
1.0945400155598886,1.1479201474092884,-1.1569732508254107,-1.1838090238581136,True
0.3778425630741178,0.5685375884247074,-0.5902033000569735,-0.3278641850674596,True
-1.2223361147673548,-0.3060644520773063,0.3071720606167398,1.1263240298921782,True
-0.182504278387815,-1.1662814814292952,1.1720653438644888,0.3817903268587993,True
-0.17640442889357835,0.21608848796022787,-0.23038495431995193,0.3750137457871701,False
-0.0707546723480625,-1.2234095433029584,1.2292846080983388,0.253655608260972,True
-0.1745167625213255,-1.1703125876577147,1.1761023655898712,0.37291127147868774,True
0.3880896874960659,0.5758295329892269,-0.5975525690599105,-0.3417195733644327,True
-0.9672019184483871,-0.7983515378935601,0.8035463709866033,1.0209408272603344,True
-1.2789593549562142,-0.6630005229508439,0.6677061160428448,1.1430697269846766,True
-0.5706333367994926,0.0033628075624443604,-0.010595360237343117,0.7571508592373628,False
0.18937836754765638,0.4396571089515224,-0.45959104567482667,-0.07393576937133135,True
0.5418286813027148,0.6887244460396111,-0.7107172174475698,-0.5453969784487944,False
-0.053270208878456835,0.28796057351248566,-0.30436174437381613,0.23286573516134063,True
1.8192679371242368,1.8735148556767627,-1.8063137371677727,-1.8445688451591655,True
0.07357129630571874,0.36539957922762556,-0.3837797043394051,0.07648362667825362,True
1.1691216547737158,1.2161836107004138,-1.2211366634331324,-1.2596577929385877,True
1.7184864566979468,1.7643629113300716,-1.7133970864676746,-1.7609297089785192,True
1.478450997291297,1.5150720343523372,-1.4947408514346114,-1.552882302048617,True
-0.5974476085608877,-0.010291691044999194,0.0035224576193712605,0.7788584916532979,False
1.3653207433527261,1.4028251677288741,-1.3934198568371592,-1.4493442226804378,True
-0.21844277271111337,0.1922133544218296,-0.2057655723833484,0.4211915062365181,True
0.3990732520351302,0.5836776006571037,-0.6054572870175112,-0.3565501764348078,True
0.8193205350157684,0.9089210315828313,-0.9277344507410937,-0.8837367551698004,True
-0.09391232486163727,-1.2114372029201173,1.2172920921570196,0.28088857167970177,True
0.12078446823872055,-1.3255490856619625,1.3316332346829276,0.015958090731884197,True
-1.471395532368171,-0.5815419535815982,0.5857860187682632,1.1825333956442459,False
-1.463095100136738,-0.5850267382549187,0.5892940262032653,1.1813784806075065,True
-0.5870396049170794,-0.9706362355626701,0.9761596428694923,0.7704967516754028,False
0.5966376386842535,0.7305485733697488,-0.7523307217414137,-0.6152613679404533,True
-1.4141607196427557,-0.3898739619007472,0.3922623344091718,1.1735698112737278,True
-0.7296232018045871,-0.07628690779728965,0.07170586767632928,0.8776677512531967,False
0.1734724548598363,-1.3547701722970782,1.360927461487743,-0.052904119219822576,False
1.7796125004299677,1.830250377020251,-1.7696919381161051,-1.8118648916067774,True
0.43799280642563343,-1.5094895562600361,1.5161642693244373,-0.40887028827673083,True
0.08490206477709356,0.3725052262140348,-0.39104928524045984,0.062065460799107096,False
1.1999046357189784,1.2447914202186972,-1.2478457867415234,-1.2903377553044866,True
-1.036609865070884,-0.22212395793446377,0.22156573022218445,1.0545252937556973,True
1.3966973207432622,1.4336185663892722,-1.4213896461804978,-1.4784588038403574,True
-0.505137091650566,-1.0090584902642428,1.014633851975246,0.7017812565876801,False
1.0807007831900666,1.1354166687211373,-1.1451561493364377,-1.1694919728666522,True
-1.461000604457254,-0.409932220838835,0.4125785596700946,1.1810776861466115,True
-1.420318542507791,-0.39251965302499603,0.3949431702073016,1.1746465008510203,False
0.6515941740637329,0.7733123692764778,-0.794694971269253,-0.6837884912510148,True
0.715713371961334,0.8242494169442549,-0.8449041568667873,-0.7618394596123527,True
1.302120682531754,1.3415896277319328,-1.3374130368365855,-1.3897175990996067,True
-0.4376476947810065,-1.0411307354922859,1.0467476779974307,0.6412745159017775,True
0.3005658949014048,0.5144892853493575,-0.5355896858763921,-0.2231691537299668,False
1.2882437025261402,-2.088605406981708,2.0998176953190923,-1.3764435027165458,False
-1.5019898226242752,-0.5687189469518111,0.572875819018242,1.1863786106376526,True
1.557415472726231,-2.295242727733545,2.3092102417246227,-1.6229267062362318,True
-1.004078051051376,-0.7820953392995238,0.7872453263960622,1.039246831129878,True
-0.5731482451310804,-0.977116180996529,0.9826489223064789,0.759209831066621,True
1.3583787050205531,1.3960472819376106,-1.3872458052787071,-1.4428596455110099,True
-1.0044648580655544,-0.7819250436724919,0.7870746424399981,1.0394324824719332,False
0.012046657208487885,0.32737068993306945,-0.3448203414011492,0.15352355125338193,True
-1.1135513886037207,-0.7342419164072895,0.7392404763036418,1.0874392010100935,False
-0.44786232825786804,-1.0362515090939675,1.041861973334505,0.6506568533707476,False
-0.1796990271765038,-1.1676964066628812,1.1734824862436222,0.3786778770794816,True
1.5147320876036188,1.551783360707496,-1.5274961829296152,-1.5852793609537665,True
-0.9692888249331473,-0.7974297837737954,0.8026223592368051,1.0220048930715404,True
0.8657552849808859,-1.7861342595710306,1.7944110414091394,-0.9367239993666919,True
0.5563337841987761,0.6997128516482273,-0.7216666848287794,-0.5640348760052263,True
0.5447080615427505,0.6909011994308547,-0.7128867574358898,-0.5491053915288489,True
1.1676276040953597,1.2148017500321604,-1.219844380372063,-1.258159682734813,True
-0.34200208094170775,0.12380167405066968,-0.13512560714611246,0.5496086519815939,False
0.1521166261281996,-1.3428608719879251,1.3489873715984495,-0.024834824234938546,False
0.4981621882146739,0.6559947753887679,-0.6780325309250351,-0.48863714617266446,False
-0.43969902506520775,-1.0401501422560586,1.0457656588881952,0.6431656670489992,True
1.008231695011268,-1.8850331585495783,1.8941274626896494,-1.0932347207704303,True
0.734506588191317,0.8393913577220925,-0.8597753512870332,-0.7843339889938631,False
0.6922767490914034,-1.670178451714991,1.6776662039867605,-0.733545718701221,True
-1.36293265956817,-0.3677593730532895,0.3698431570635577,1.1635706434103066,False
-0.003928828838413274,0.3176431909782102,-0.33484216926013705,0.1731689233841307,False
-0.06692384060258323,0.27984013257326695,-0.29601460600669494,0.2491165676511107,False
1.037370644268013,1.0966002735804525,-1.1083430326024555,-1.1241592730260699,True
-0.6915174398253241,-0.9223529545823209,0.9278042937632308,0.8505800555460716,True
-1.4175178469297123,-0.39131683144911633,0.3937246307842142,1.1741603586838079,False
0.924218110519138,-1.826323086501795,1.8349155821937235,-1.002033128983105,True
0.17102424266354208,0.4276390701797612,-0.4473464836862629,-0.04967507313968501,True
1.2556915845649514,1.2972776451493657,-1.296566331542228,-1.3450412435966868,True
-1.3765096326790602,-0.6215285261465917,0.6260183854037519,1.1664035753858657,False
-1.2132450748220784,-0.3020226131251681,0.30305959448785724,1.1234154606687272,False
-1.6175903170818473,-0.5205579402290105,0.5243453915497128,1.1950777274792435,False
0.20330013413906672,0.4488364119668004,-0.46893571184572685,-0.09242492071733792,False
1.241484804904646,1.2838329282612868,-1.2841214021351586,-1.3312180360957349,True
-1.3880876104599793,-0.37864203386617734,0.380878615443689,1.168716890886678,False
-0.5301583377814174,0.024152360087714646,-0.03209302678401412,0.7233246283903987,False
-0.44514273732815207,0.0685440970975387,-0.07800117442851437,0.6481661251850195,True
0.8090757768492,0.9004187428217664,-0.9194538262950676,-0.8719112496513474,True
0.7432002597782882,-1.7036975116880693,1.7113952519932119,-0.7946813536823585,False
1.0239345877167774,1.0846659471004292,-1.096985595794579,-1.1099443264956845,True
1.075897164539057,1.1310888446861946,-1.1410612614704376,-1.1645042459192638,True
1.1827207560915889,1.228790516858331,-1.232920820972813,-1.2732558043005873,True
1.6802501572337414,1.7236430386631167,-1.6782908140417967,-1.7287004172600275,True
1.1872623777826246,1.233012109781849,-1.2368615707953474,-1.277781186480188,True
0.1767267888360515,0.43136291658110504,-0.45114154377591725,-0.05719800970287933,False
0.3463299504990971,0.5462960851981199,-0.5677586237201768,-0.28518311986107425,False
-0.5552348776459408,0.011246824914839224,-0.018747165650931503,0.7444310959762915,True
1.2322762120385848,1.2751467353528925,-1.276068826906366,-1.3222190729012675,True
1.1079734466245212,1.1601061285588732,-1.1684718945014672,-1.1976328605998292,True
1.0943900995550322,-1.9463937749629634,1.956063934435435,-1.1836540531712085,False
-0.4774640034797661,0.05154845261699506,-0.0604253257303889,0.6773936959251156,False
1.560201711548356,-2.2974356824914888,2.3114357119965834,-1.6253673095062555,True
0.7382226361554951,0.8423967205439337,-0.862723757533475,-0.7887616481239887,True
0.014263330761036799,-1.268021287903126,1.2739793040095102,0.1507859225627581,False
-0.6950150375087913,-0.9207499588752912,0.9261988476461784,0.8531151038062408,True
1.6384240930287133,-2.3594433438770173,2.374388488000725,-1.6930853723748671,True
1.0779379705557666,1.1329268330246824,-1.1428006564500603,-1.1666242244142326,False
-0.3458826509942379,0.12169304441165918,-0.1329465371926518,0.5534618034496293,True
-0.26198968537902123,-1.1265671929770462,1.1322951172118576,0.46770985364749,False
1.3000450178043768,1.3395964110683836,-1.3355807933851758,-1.3877363228542983,True
-1.190542585473145,-0.7009305417617709,0.705803036491866,1.1158770997936407,False
-0.9863608750704784,-0.7898964502718288,0.7950691131611535,1.030581691106122,True
1.2726433207887358,1.3133901577170373,-1.3114497940398404,-1.3614409028461272,True
-0.8387825530121447,-0.8555459546987668,0.8608747723447084,0.9489654086032766,True
1.0585612059226022,1.115520868884158,-1.126310465701687,-1.1464258931545483,True
1.5313613139386855,1.5687251666553557,-1.542548496528768,-1.600005342891634,True
1.2893255289732837,1.3293210632604964,-1.3261300090357364,-1.3774808403333005,True
-1.1176906998521001,-0.7324438360809852,0.7374360338196374,1.0890798342848051,False
0.30879871671544257,-1.432282401751939,1.4386700876076042,-0.23431656226666603,False
1.0269453777151358,1.08733619792967,-1.099528100800268,-1.1131362446216155,True
-1.3756344694325353,-0.3732602868104412,0.37542169734454317,1.1662257700341943,True
-0.5303185151410933,0.0240695757413151,-0.032007746769901826,0.7234616424899298,True
-0.6895217871161001,-0.05648821550112645,0.051262261528272735,0.8491320474316947,True
0.9134239768307119,0.988346259051441,-1.0046846792506305,-0.9900906876654559,True
0.3914213323566478,0.5782063895306242,-0.5999473422409477,-0.3462209409263871,False
-1.1546465282807596,-0.2758087218028799,0.2763642480306707,1.103174343673161,False
-1.1176259214232744,-0.2591007340715086,0.2593284213046036,1.089056176486356,False
0.950441887488486,1.0202447058159951,-1.0353777059217242,-1.030831202275616,True
-1.4816910359885227,-0.5772231833549674,0.5814384078962912,1.1839014452367533,False
-0.8793515044897622,-0.14861824090544765,0.14622153227031895,0.9730903410728196,True
-0.45364491628160203,0.06405895951787835,-0.07336301157923042,0.6559323986281569,False
-1.0216527222938445,-0.21523346960817802,0.2145186272898174,1.047603122044947,True
1.756915937564631,1.8056721312201198,-1.748766125801844,-1.7930313021281794,True
0.7336979656247984,-1.6974097711426805,1.7050670887195793,-0.7833697223198378,True
0.5921282836896736,0.7270764059224668,-0.7488827599157318,-0.6095706078630794,False
1.569156471721996,-2.304490960081497,2.318596048723387,-1.6331972752253692,True
-0.5191976170097539,0.02981964410241432,-0.03795384667888359,0.7139470391305963,False
0.9803611988517752,1.0462956961610745,-1.0603528194931064,-1.063318947108276,True
0.10805773465610109,-1.3185708157829648,1.3246381320904033,0.032387565800914536,False
0.035648453119081214,0.34185090200190016,-0.35966475702006,0.12422486856650367,False
-1.66067581528368,-0.49379802078874857,0.4973491372877658,1.1960022391290244,False
1.3529709190732468,1.3907761930898082,-1.382440001392083,-1.437797132036966,True
0.44548355007905444,0.6172103950584275,-0.6391691645155141,-0.4188871903832527,True
0.7751531662435047,0.8724694874414454,-0.8921741430059584,-0.832400543205909,False
-0.38102554168760494,-1.0683468842935708,1.0739981566267771,0.5878386544104319,False
1.0557138967323654,1.1129714190255908,-1.1238924389351042,-1.1434447419289369,True
1.8346400541913976,1.8903956203731729,-1.820528198628805,-1.8571833177414112,True
0.13402963484997563,0.4037051675777543,-0.42293189735476905,-0.0012275387675426107,True
-1.5679833193795991,-0.4551870817038218,0.4583543601058055,1.192464624533178,False
1.0522652201272482,1.1098866357771007,-1.120965087032474,-1.1398294381239158,False
-1.0901163457694705,-0.2466095436540047,0.24658153392929297,1.0778915216326064,True
1.3345239839423793,1.3728537201068043,-1.3660710583462996,-1.4204557469138361,True
0.6083116737709198,0.7395633033621416,-0.7612765208089531,-0.6299451168502737,True
-0.7746739272868355,-0.09830793476882502,0.09442504302814292,0.9082223892927767,False
-0.5939551714122379,-0.9674159001257923,0.9729349206541243,0.7760622355541038,True
-0.40337989358231086,-1.0575672035901034,1.0632046251418106,0.6092244360118372,False
0.11226426453230257,0.389802552689802,-0.4087332258150606,0.026966545693820104,True
1.6578478236744558,1.6999631530121386,-1.6577650338706909,-1.7096733695609934,True
-1.2350882932932081,-0.68177862811862,0.6865704595260794,1.1303023737845186,True
0.36674641979270334,-1.4665318039538238,1.4730392696664443,-0.3128456456085215,True
-0.04783655736098916,-1.235331325418621,1.2412278903695853,0.226365587967921,True
0.7369437030890752,0.8413619258468464,-0.8617087318339456,-0.7872381385149935,True
1.6513617312731763,1.693131589962248,-1.6518279406753544,-1.7041437652927023,True
0.2688984107693097,-1.409065274618819,1.4153780012048616,-0.18037044480919928,False
-0.3292415718454001,0.13075101479216647,-0.1423059785162069,0.5368628664484864,True
0.38696113378952457,-1.4786259287956414,1.4851783994666625,-0.3401946604815028,True
-0.7401428712010402,-0.9001402135196523,0.9055538401798147,0.8849454506496462,True
0.22573172384823023,0.4637414549719968,-0.48409658031694913,-0.12235977427479033,False
1.1936393883258427,1.2389483357009599,-1.2423989293029216,-1.284122324280605,True
0.8523483595293702,0.9365245413180701,-0.954562076834996,-0.9215274565494802,False
1.5330493659481221,1.5704492100842078,-1.54407780107516,-1.6014957270635422,True
-0.8481042597138142,-0.8513624384825904,0.8566828451355532,0.954622561660626,True
1.41938987365695,1.4560512266575494,-1.4416832087600109,-1.4993209849989322,True
-0.7541089041451708,-0.8937888803628685,0.899191699981671,0.8944711911890573,True
-1.283936600737723,-0.33328092613449745,0.33484278500010756,1.1444281621667962,True
-1.3490336911485712,-0.6331713504703267,0.6377251319133908,1.1605315689876285,False
-0.807853651925803,-0.11438168923400426,0.11099205722378114,0.9297100505667001,False
-0.292948185923627,-1.1112869357855735,1.1169941504283991,0.49995362506083735,True
-0.5732491517931209,0.0020269921600166723,-0.009214212472288668,0.7592918277373656,False
0.9171098404719632,0.9915058494256827,-1.0077305254235802,-0.9941748292196056,True
1.3532818253249945,1.3910790309059167,-1.3827160135517114,-1.4380886563007955,True
-1.1009716875658813,-0.7397110288864329,0.7447282738630863,1.0823649340360932,False
-1.5893788388535937,-0.4641475647827912,0.46740887379106866,1.193796380653282,False
-1.3353969223798605,-0.35579371790460185,0.3577031954249193,1.1574116767255447,True
1.174333035852521,1.2210089476548363,-1.2256496746507959,-1.2648770537568914,True
-0.3488035423457455,0.12010785890101561,-0.13130821456205205,0.5563545254023639,False
0.09429341115148768,0.378419605859915,-0.3970985730998954,0.05006310134686896,True
0.5442064826479244,-1.575230385392194,1.5822007752255662,-0.5484598621129867,True
0.8391024838465976,0.925418644625406,-0.9437785293216672,-0.9064322996203915,True
0.13782059690019144,0.4061400906782783,-0.4254177200633075,-0.006163238464260157,False
-1.1638158230527686,-0.7124634653460294,0.7173816312318991,1.1065112930754406,True
0.5398148556704496,0.6872035393420507,-0.7092009757366464,-0.542800772526678,True
1.1677809249797988,1.2149435490562082,-1.2199765626900707,-1.258313535099919,True
-0.17190399689789507,-1.171632898577413,1.1774249197891598,0.36999832448921605,False
0.6306243007351803,-1.6301854073847362,1.6374414586846426,-0.6578195044485217,False
1.5192025317178475,1.556330749488735,-1.531540370160631,-1.5892457118846897,True
-0.554475967976416,0.011636007032897664,-0.01914995644294663,0.7437987086117976,True
-0.1739417783622416,0.21749727105891245,-0.2318365398951446,0.372269682310325,False
1.2726045939736654,1.3133534430263936,-1.3114156886232324,-1.361403558502224,True
1.1355862335102973,1.1853057033824963,-1.1921879816397263,-1.2258222189481678,True
1.2826076425364017,1.3228967437549024,-1.3202139686597854,-1.3710334561028914,True
-1.5602393433460588,-0.45193671123500373,0.4550693470450313,1.1919055331995563,True
0.11201780419984163,-1.3207390513151414,1.3268113635917707,0.027283541424681267,True
-1.2674651425959171,-0.3260324145353423,0.3274769905060653,1.1398626892755672,False
0.7398917471764224,0.8437479691243979,-0.8640494613741624,-0.790747929034437,True
-1.4585757119984144,-0.586925123721634,0.5912047490464467,1.1807284412922128,False
-1.115786179724317,-0.25826740119832003,0.2584786417788588,1.0883271601121878,False
-0.2520216308874092,0.1733682002209918,-0.18631863439324053,0.45718135686618255,False
-0.47085324020203,-1.0253023681310942,1.0308990414909376,0.671480244334349,False
-0.3191036982513898,-1.0984551704006738,1.1041452959213216,0.5266498450620388,True
1.1459590013213807,1.1948245125297514,-1.2011259283669755,-1.2363344003084122,True
1.5881987781268179,1.6271795197437497,-1.5941706378167224,-1.6497794893909312,True
0.10441332960922786,-1.3165782582070111,1.3226410649148073,0.03707774009478882,True
-0.807853651925803,-0.8694635868751178,0.8748208174037369,0.9297100505667001,True
0.5911332600730108,-1.604911167155363,1.6120312817931863,-0.6083137625755525,False
-1.5103420840096773,-0.5652240941174198,0.5693565441400269,1.1873143006078648,False
-1.0441809171899956,-0.22560398836992546,0.22512335909095108,1.057963589301527,False
-1.471669508199526,-0.41447981032179376,0.4171821456775856,1.1825719722185157,False
0.4509067384529665,-1.517374783917947,1.5240820829102524,-0.42612497422448764,True
-0.6383836281180271,-0.03096056406194634,0.02488706698713832,0.8109178910283511,True
0.3652340995354984,0.5596052093203903,-0.5811945384409407,-0.31079762014395695,True
-0.7991110664766504,-0.8734083254931574,0.8787731955603442,0.9241326624903768,False
-0.4026553195101102,-1.0579157364592966,1.0635536804113195,0.6085366341832925,True
0.9378584675043334,1.0093600752888314,-1.0249185094312963,-1.0170503968072329,False
-1.0921452640411036,-0.7435528389653989,0.7485833461721827,1.0787353696776316,False
0.8418089127271425,-1.7698327984788236,1.777987471982707,-0.9095232324666139,True
1.5999312724045407,1.6393511469120925,-1.6048584186390742,-1.65995052096216,True
1.5490375955271807,1.5868136658579262,-1.5585749729089706,-1.6155759352210513,True
-1.3161210285966218,-0.3473843657477081,0.34916665351102955,1.1527759697802438,False
-1.6033731588675357,-0.46999237597328497,0.4733136477788446,1.1944983606142596,False
1.3803902455130714,1.4175823254928677,-1.4068397824842493,-1.4633666762546587,True
0.026719130684948383,-1.2746495657882848,1.2806208950265816,0.13534741569913308,True
0.8942281453769159,0.971950273789436,-0.9888606923191252,-0.9687239977890428,True
-0.427472601594095,0.07789869815353347,-0.08767386224190356,0.6318521411188048,False
-1.3365115259362528,-0.6384869804531667,0.6430696078468192,1.157673395965907,True
0.9340081880935619,1.0060381086050914,-1.0217235902132096,-1.0128200226738084,True
-0.7114827760020942,-0.06735389220972668,0.06248399068538267,0.8649136867721258,False
-0.8259874788936673,-0.8612965610605479,0.8666374756147632,0.9410902082178956,True
-0.36109791199641383,0.11344938423414713,-0.12442707686639731,0.5684589667971676,False
-0.738913346385978,-0.08084680037354282,0.07641252356172841,0.884097141087561,True
-1.4110822762152933,-0.6069202464072904,0.6113249599091839,1.17302333297034,True
1.2058307398086483,1.250327470103254,-1.2530019555374061,-1.2962031496494981,True
0.6332321628141697,0.7589322915794019,-0.7804704479392173,-0.6610606337986141,True
-0.396987772931297,-1.0606446858177914,1.0662864771172011,0.603147640125089,False
