pcs,lps,entropy,loss,repaired
-0.17485692156609786,0.17485707527823796,0.3526111301113062,-0.18299666012568697,False
1.8209534181576366,-1.8209533992938751,-1.8239574303278734,1.8227525336705366,False
-0.5874982473545496,0.5874982263920328,0.7737061041346295,-0.5980567809273504,False
-0.9279585824114344,0.927958748022153,1.0330877028348082,-0.9353850471530649,False
-1.2196812403210961,1.2196811990105751,1.1918943132920354,-1.220249577227007,False
-0.9279585824114344,0.927958748022153,1.0330877028348082,-0.9353850471530649,False
-0.822718741606779,0.8227185205757275,0.9615078583971187,-0.8316554458407706,False
1.4522003092988414,-1.4522003203410536,-1.5542074084833213,1.4553337372364015,False
-0.9279585824114344,0.927958748022153,1.0330877028348082,-0.9353850471530649,False
-1.2078619515018612,1.2078617038190196,1.1865753916168866,-1.2087862682188713,False
-0.9279585824114344,0.927958748022153,1.0330877028348082,-0.9353850471530649,False
-1.1581229473744235,1.1581224980044424,1.1631647459258752,-1.1604727060445736,True
-0.9279585824114344,0.927958748022153,1.0330877028348082,-0.9353850471530649,False
-0.7302838233117838,0.7302837981565805,0.8922985341208084,-0.740140540751183,False
-0.822718741606779,0.8227185205757275,0.9615078583971187,-0.8316554458407706,False
0.8935906339269083,-0.89359063616996,-1.0220525509130867,0.8980275120998815,False
2.1297714183106358,-2.129771284989274,-2.019273705661421,2.1308746644620413,False
1.2517424940826245,-1.251742688645589,-1.38267149362288,1.255589314738081,False
-0.5243970181827877,0.5243969989881256,0.7167869400559607,-0.5349964677475171,False
-0.27645151613239044,0.276451503328167,0.46680308043797314,-0.2857420675157967,False
0.10708624499004432,-0.10708639776640258,0.003028458485309766,0.10357951499066559,False
2.145092684771222,-2.145092588988845,-2.028787135642858,2.1461772817094134,False
-0.16530697796104502,0.1653069677037216,0.3415400042983471,-0.1733226426935285,False
-0.3710621264367013,0.37106228523423446,0.5670829239790397,-0.38111690498874173,False
-0.9279585824114344,0.927958748022153,1.0330877028348082,-0.9353850471530649,False
0.797223470988893,-0.7972233626711125,-0.9119538064699072,0.8015372145736464,False
-1.6892181635673416,1.689218548170225,1.330798400399156,-1.6701268300386352,False
0.6632249273200074,-0.6632250439979875,-0.7492082684825463,0.6670712584276921,False
1.8846427270905233,-1.884642594130357,-1.8657656854363944,1.886254479681283,False
1.756176191107974,-1.756176129321013,-1.7801980392282752,1.758184078285479,False
0.3607992772991431,-0.3607991477790484,-0.3436911697418583,0.3618769458300678,False
-0.9279585824114344,0.927958748022153,1.0330877028348082,-0.9353850471530649,False
-0.822718741606779,0.8227185205757275,0.9615078583971187,-0.8316554458407706,False
-0.6556391632016678,0.6556393266780446,0.8320709825646693,-0.6659693015616154,False
-0.9279585824114344,0.927958748022153,1.0330877028348082,-0.9353850471530649,False
-0.10445754869675758,0.10445753974118048,0.26966663707106253,-0.11161940750083575,False
0.42217036425499693,-0.42217036567782984,-0.42900643507198344,0.42403959492143134,False
1.4306892002796971,-1.430689299492729,-1.5367340060608734,1.4339040198690265,False
-0.9279585824114344,0.927958748022153,1.0330877028348082,-0.9353850471530649,False
0.3535949024198981,-0.35359477253296784,-0.3336562463890477,0.3545706933081059,False
1.0948523958068674,-1.0948525978784522,-1.2337833118164794,1.099114249255706,False
-0.9279585824114344,0.927958748022153,1.0330877028348082,-0.9353850471530649,False
0.6778938082560423,-0.6778939242998508,-0.7675738465216312,0.6818099119696316,False
-1.6677202764178747,1.6677199971058834,1.3274161335161425,-1.6497671583084181,False
0.6200662125028588,-0.6200659780604122,-0.6943935207101796,0.6236758936705806,False
-1.2725368622970024,1.2725366101609965,1.2145616197514633,-1.271431921344846,False
0.42217036425499693,-0.42217036567782984,-0.42900643507198344,0.42403959492143134,False
0.19944940965015678,-0.19944983792425083,-0.12067436103482768,0.19776861133899137,False
2.128775587943058,-2.128775491047886,-2.018656700072845,2.129880162767509,False
-0.6796386652594584,0.679638454234239,0.8518582224533456,-0.689842357192079,True
0.964032288468722,-0.9640321880289221,-1.09891470759352,0.9684661412702786,False
-1.078603037855794,1.0786032038387163,1.1222932179640324,-1.082987163723799,False
1.8984623941223167,-1.8984624172323545,-1.8746940799955603,1.9000360009868436,False
0.42217036425499693,-0.42217036567782984,-0.42900643507198344,0.42403959492143134,False
1.839706731777955,-1.8397066349105122,-1.8363861299640714,1.8414485736378785,False
-0.8490462892719535,0.8490458723773645,0.9801363225116996,-0.8576518285576781,False
0.5992443525869544,-0.5992444721991719,-0.6675330825812037,0.6027224198384037,False
-1.010129424519935,1.0101291904830396,1.0836695983466462,-1.0160270841154573,False
-0.9279585824114344,0.927958748022153,1.0330877028348082,-0.9353850471530649,False
-0.9279585824114344,0.927958748022153,1.0330877028348082,-0.9353850471530649,False
1.1222862738739277,-1.1222859852066525,-1.2608048466979807,1.1264895877271799,False
-0.5924576452796525,0.5924578079552197,0.7780617609172902,-0.6030050351748103,False
1.6118986508804334,-1.6118984977931499,-1.6775324528744526,1.6144224339288413,False
-0.44450553473291,0.4445058723322819,0.6407873241702048,-0.45493259261035685,False
0.42217036425499693,-0.42217036567782984,-0.42900643507198344,0.42403959492143134,False
-1.5522182073241366,1.5522177182225374,1.304496985496379,-1.5399869063000806,True
-1.8742323000447905,1.8742320065177234,1.348781123965605,-1.8443815353786746,False
-0.6573521964831944,0.6573523599795554,0.8334952918352969,-0.6676744583347288,False
1.6899220231319576,-1.6899219990312506,-1.73399771637156,1.6921599813340071,False
0.6699476063000971,-0.6699476073110671,-0.7576418469811765,0.6738264030320468,False
-0.4400527886014708,0.4400527716834192,0.6364231241546041,-0.45046281953541695,False
-0.14660176444863818,0.14660191727742722,0.319689752711689,-0.15436543329985103,False
-1.1921323528060959,1.1921325187355276,1.1793490362731858,-1.193520067122657,False
-0.9279585824114344,0.927958748022153,1.0330877028348082,-0.9353850471530649,False
0.5284814525248552,-0.5284816979022338,-0.5742482798859254,0.5314280665012403,False
-1.000386376246429,1.0003861428835863,1.0779139590673585,-1.0064816151740452,False
-1.220859206698044,1.2208593725713086,1.1924201318663934,-1.221392122787248,False
0.42217036425499693,-0.42217036567782984,-0.42900643507198344,0.42403959492143134,False
1.6330853810373802,-1.6330855634245423,-1.6930962828577432,1.6355304164703743,False
-1.7200596644306638,1.7200600495978426,1.3351720757957248,-1.6992939699160343,False
-0.7589688534922896,0.7589686369093904,0.9144133862478978,-0.7685803453686862,False
0.42217036425499693,-0.42217036567782984,-0.42900643507198344,0.42403959492143134,False
0.42217036425499693,-0.42217036567782984,-0.42900643507198344,0.42403959492143134,False
0.006912448949405602,-0.006912301705079812,0.1323949131841565,0.0015589043673612055,False
-0.9491381963912332,0.9491381643318879,1.046568529303768,-0.9562000434184903,False
-1.3727017426433197,1.3727014836162312,1.2525088637846733,-1.3680510723677337,False
1.9375385208621918,-1.937538391771293,-1.8996913689710515,1.939010027539341,False
0.6702964751584612,-0.6702964761702156,-0.7580788656226161,0.6741767705310485,False
0.42217036425499693,-0.42217036567782984,-0.42900643507198344,0.42403959492143134,False
2.2011706432967513,-2.201170542381587,-2.064239585760821,2.202199917651025,False
0.7147663972340189,-0.7147661716365085,-0.8131419635084509,0.7188376422329074,False
-0.3650919206597997,0.36509190567798966,0.5609308756133219,-0.3751079842615092,False
0.42217036425499693,-0.42217036567782984,-0.42900643507198344,0.42403959492143134,False
1.918409165203104,-1.9184094202934157,-1.887498386661525,1.9199298987387095,False
0.42217036425499693,-0.42217036567782984,-0.42900643507198344,0.42403959492143134,False
0.07207291976109638,-0.07207277534089176,0.0488440002286312,0.06790095391712012,False
0.42217036425499693,-0.42217036567782984,-0.42900643507198344,0.42403959492143134,False
-0.14421197995331214,0.14421213270547178,0.3168822411677652,-0.15194388484725668,False
-0.765188155668483,0.7651881294496545,0.9191306270311241,-0.7747409070514893,False
-0.30546135734531615,0.30546100225942474,0.49818339589175586,-0.31501947460008717,False
-0.9279585824114344,0.927958748022153,1.0330877028348082,-0.9353850471530649,False
0.9079765054583654,-0.9079764023721493,-1.0379956984800922,0.9124182721346326,False
0.42217036425499693,-0.42217036567782984,-0.42900643507198344,0.42403959492143134,False
0.42217036425499693,-0.42217036567782984,-0.42900643507198344,0.42403959492143134,False
-1.930630316320622,1.9306304761575566,1.3504087626359438,-1.897156197460578,False
-0.5298076179075983,0.5298075985634788,0.721774029179469,-0.5404103299709678,False
0.42217036425499693,-0.42217036567782984,-0.42900643507198344,0.42403959492143134,False
0.42217036425499693,-0.42217036567782984,-0.42900643507198344,0.42403959492143134,False
0.42217036425499693,-0.42217036567782984,-0.42900643507198344,0.42403959492143134,False
0.42217036425499693,-0.42217036567782984,-0.42900643507198344,0.42403959492143134,False
-0.9279585824114344,0.927958748022153,1.0330877028348082,-0.9353850471530649,False
-0.9279585824114344,0.927958748022153,1.0330877028348082,-0.9353850471530649,True
-1.6417935229525737,1.6417932454237283,1.3229733360852889,-1.6251818229391377,False
1.535250524344922,-1.5352502796243073,-1.6197071666489742,1.538065917475736,False
0.1289549257860798,-0.12895449139604442,-0.025898271453736726,0.12587297744772963,False
-0.8307525608702667,0.8307521459450785,0.9672435541596243,-0.8395910443202224,False
0.42217036425499693,-0.42217036567782984,-0.42900643507198344,0.42403959492143134,False
0.42217036425499693,-0.42217036567782984,-0.42900643507198344,0.42403959492143134,False
-0.9028695553331508,0.9028701129303338,1.0167176133987237,-0.9107011134564059,False
0.42217036425499693,-0.42217036567782984,-0.42900643507198344,0.42403959492143134,False
-0.822718741606779,0.8227185205757275,0.9615078583971187,-0.8316554458407706,False
-0.5815288111811194,0.5815286070709976,0.7684386317763712,-0.5920979143818934,False
0.42217036425499693,-0.42217036567782984,-0.42900643507198344,0.42403959492143134,False
-0.873838653085359,0.8738382335311753,0.9972362580814552,-0.8821034628734227,True
-1.326860505385247,1.3268604602105372,1.2359484186211844,-1.3238932392961777,False
-0.9279585824114344,0.927958748022153,1.0330877028348082,-0.9353850471530649,True
-0.9279585824114344,0.927958748022153,1.0330877028348082,-0.9353850471530649,False
-0.822718741606779,0.8227185205757275,0.9615078583971187,-0.8316554458407706,False
-0.9279585824114344,0.927958748022153,1.0330877028348082,-0.9353850471530649,False
-1.2323372244806845,1.2323369751121789,1.1974911629933274,-1.2325164248463647,False
-1.0013373957079759,1.0013379608525277,1.078476516161851,-1.0074122699637384,False
0.42217036425499693,-0.42217036567782984,-0.42900643507198344,0.42403959492143134,False
-0.822718741606779,0.8227185205757275,0.9615078583971187,-0.8316554458407706,False
0.6853749332368309,-0.6853751636392433,-0.7768882117507947,0.6893250580384709,False
0.42217036425499693,-0.42217036567782984,-0.42900643507198344,0.42403959492143134,False
0.15895503947798048,-0.15895504365930785,-0.06595445335862908,0.15646381032708967,False
1.9505270175388447,-1.9505271952344856,-1.9079251500371062,1.951966740408086,False
-1.418211217594389,1.4182111690428703,1.2676125433982155,-1.4117898814731422,False
-1.7264790199066216,1.726478959431115,1.336012758253866,-1.7053584230242844,True
0.8820794920984485,-0.8820794942435474,-1.009203657978662,0.8865095911962179,False
-0.9279585824114344,0.927958748022153,1.0330877028348082,-0.9353850471530649,False
0.6017265528758065,-0.6017263166768394,-0.6707489278543046,0.605220883523217,False
-0.9279585824114344,0.927958748022153,1.0330877028348082,-0.9353850471530649,True
0.42217036425499693,-0.42217036567782984,-0.42900643507198344,0.42403959492143134,False
-0.9279585824114344,0.927958748022153,1.0330877028348082,-0.9353850471530649,False
-0.9279585824114344,0.927958748022153,1.0330877028348082,-0.9353850471530649,False
0.42217036425499693,-0.42217036567782984,-0.42900643507198344,0.42403959492143134,False
-0.9279585824114344,0.927958748022153,1.0330877028348082,-0.9353850471530649,True
0.2922180039773502,-0.2922181419570239,-0.24827342967016083,0.29224751452781833,False
0.42217036425499693,-0.42217036567782984,-0.42900643507198344,0.42403959492143134,False
-0.9775011728069463,0.9775011398133866,1.0641396756501549,-0.9840424701629368,False
0.42217036425499693,-0.42217036567782984,-0.42900643507198344,0.42403959492143134,False
0.9010321039714262,-0.901032000557428,-1.030315718692459,0.9054719692030685,False
0.42217036425499693,-0.42217036567782984,-0.42900643507198344,0.42403959492143134,False
0.42217036425499693,-0.42217036567782984,-0.42900643507198344,0.42403959492143134,False
-0.465567669885155,0.46556747402336335,0.6612488888415146,-0.4760653574606715,False
-1.4749817544446187,1.4749819191296376,1.28460991433346,-1.4662086987587946,False
-1.4317377059432954,1.431738084942918,1.2718480163146686,-1.4247701697017476,False
0.42217036425499693,-0.42217036567782984,-0.42900643507198344,0.42403959492143134,False
0.42217036425499693,-0.42217036567782984,-0.42900643507198344,0.42403959492143134,False
0.06532257288331751,-0.06532242815651518,0.05760476935179948,0.0610248617310797,False
0.42217036425499693,-0.42217036567782984,-0.42900643507198344,0.42403959492143134,False
0.42217036425499693,-0.42217036567782984,-0.42900643507198344,0.42403959492143134,False
-0.9279585824114344,0.927958748022153,1.0330877028348082,-0.9353850471530649,False
0.782877558282392,-0.7828776701864077,-0.8950686006764901,0.7871588968838406,False
0.42217036425499693,-0.42217036567782984,-0.42900643507198344,0.42403959492143134,False
-1.5315966118408173,1.5315963418889191,1.2995483900026967,-1.5203164250858985,False
0.7111676896277023,-0.7111678042846612,-0.8087320375510304,0.7152251198811128,False
1.925517281536784,-1.9255173439913813,-1.892038626280716,1.9270196711847258,False
-1.283242383258566,1.2832421303857613,1.2189292786108779,-1.2817808100943535,False
-0.2341061879728082,0.2341061761638299,0.42001433957327666,-0.24295686420221083,False
1.1823202192099866,-1.1823199372804392,-1.3184598903225928,1.1863727204928523,False
0.42217036425499693,-0.42217036567782984,-0.42900643507198344,0.42403959492143134,False
1.752037102555623,-1.7520371616101817,-1.7773560092191008,1.754059062575094,False
-0.822718741606779,0.8227185205757275,0.9615078583971187,-0.8316554458407706,False
2.023372630786349,-2.0233727704964832,-1.9535335409782766,2.024651274789472,False
-1.2551967127008388,1.2551966701218202,1.207329285444159,-1.254655650741722,False
0.42217036425499693,-0.42217036567782984,-0.42900643507198344,0.42403959492143134,False
0.42217036425499693,-0.42217036567782984,-0.42900643507198344,0.42403959492143134,False
0.397261466584807,-0.397261468161235,-0.39443877670427374,0.3988252537278891,False
0.42217036425499693,-0.42217036567782984,-0.42900643507198344,0.42403959492143134,False
-0.08611617052701465,0.08611616195026282,0.24756046378159238,-0.09300134080482457,False
-0.9279585824114344,0.927958748022153,1.0330877028348082,-0.9353850471530649,False
-0.822718741606779,0.8227185205757275,0.9615078583971187,-0.8316554458407706,False
-0.9213605392115292,0.9213605080586316,1.028826707964866,-0.9288963293166255,False
1.161784480734352,-1.1617847759813325,-1.2989631770487067,1.1658917104166362,False
0.6224686294058297,-0.6224687479208062,-0.6974751812643724,0.6260925614534315,False
0.2955549134760959,-0.29555491590723293,-0.2529034926122007,0.29563986517000285,True
-0.0031589384338133165,0.0031589314882240664,0.1451016417879383,-0.008687587767677722,False
0.42217036425499693,-0.42217036567782984,-0.42900643507198344,0.42403959492143134,False
-1.6004077019518708,1.600407865627106,1.315041567785178,-1.5858699076126714,False
-0.9279585824114344,0.927958748022153,1.0330877028348082,-0.9353850471530649,False
0.42217036425499693,-0.42217036567782984,-0.42900643507198344,0.42403959492143134,False
0.7455997992662171,-0.7455999125618434,-0.8505901965538326,0.7497781358899137,False
0.42217036425499693,-0.42217036567782984,-0.42900643507198344,0.42403959492143134,False
-0.10325777527996627,0.10325744570628143,0.26822838635271523,-0.11040178010091926,False
-0.9279585824114344,0.927958748022153,1.0330877028348082,-0.9353850471530649,False
0.7259520008670732,-0.7259521149304351,-0.826796147253702,0.7300645707742246,False
1.3571809983132086,-1.3571808259636111,-1.4753707660384852,1.3606679997115358,False
-0.9279585824114344,0.927958748022153,1.0330877028348082,-0.9353850471530649,False
0.5881477791778271,-0.5881480185471707,-0.6531076632951864,0.5915521643748285,False
1.0740510101028684,-1.0740508153924835,-1.2130076119367452,1.0783526032996302,False
1.4622482127778358,-1.4622481362468018,-1.5622962375999114,1.46534334462499,False
-0.06066337464470382,0.060663208646135953,0.21654952409435366,-0.06714863125845535,False
1.4820646365100032,-1.4820647355043368,-1.5781145229927402,1.4850837187222938,False
0.42217036425499693,-0.42217036567782984,-0.42900643507198344,0.42403959492143134,False
0.9940143904508373,-0.9940144959725612,-1.1307182100799846,0.9984259416566638,False
-1.0173869984512243,1.0173867639123513,1.0879126961194225,-1.0231340463488467,False
0.42217036425499693,-0.42217036567782984,-0.42900643507198344,0.42403959492143134,False
-0.20356596327849846,0.20356611784648637,0.38555039296539806,-0.21206360251841372,False
-1.7618548782037131,1.7618550402058977,1.3402095971417394,-1.7387431239635627,False
0.42217036425499693,-0.42217036567782984,-0.42900643507198344,0.42403959492143134,False
0.42217036425499693,-0.42217036567782984,-0.42900643507198344,0.42403959492143134,False
1.6118986508804334,-1.6118984977931499,-1.6775324528744526,1.6144224339288413,False
-0.23019035060533735,0.23019033888687146,0.41562898794039993,-0.238997763388533,False
-0.10165195765967071,0.10165178852955364,0.2662998352011034,-0.10877194979209204,False
0.42217036425499693,-0.42217036567782984,-0.42900643507198344,0.42403959492143134,False
-1.3513887274689385,1.3513886813949243,1.2449787655089175,-1.3475342821107485,False
0.4711469824644478,-0.4711467332903505,-0.49651034479317896,0.4735566921399305,False
1.6118986508804334,-1.6118984977931499,-1.6775324528744526,1.6144224339288413,False
-0.822718741606779,0.8227185205757275,0.9615078583971187,-0.8316554458407706,False
0.5742380178473564,-0.5742378988856774,-0.6349191453174681,0.577544442312856,False
-1.7174755204395482,1.7174754603233013,1.3348271306426018,-1.6968525066478901,False
1.7450915808750092,-1.7450916802390775,-1.7725740761086037,1.7471372726985666,False
1.0927744638231423,-1.0927744683195517,-1.231718887655533,1.0970406161504351,False
2.0849167409775133,-2.0849167518346783,-1.991571201403331,2.0860848451251015,False
0.42217036425499693,-0.42217036567782984,-0.42900643507198344,0.42403959492143134,False
-1.9371507523225309,1.937151140872173,1.3504857172746578,-1.9032464269764284,False
-1.2214948002964645,1.2214947589214609,1.1927028060645184,-1.2220082640988794,False
0.42217036425499693,-0.42217036567782984,-0.42900643507198344,0.42403959492143134,False
1.6118986508804334,-1.6118984977931499,-1.6775324528744526,1.6144224339288413,False
-1.3749196830981925,1.3749194239185707,1.253274858171144,-1.370185454361076,False
1.0725377939338,-1.072537997208481,-1.2114866354887472,1.0768417303872722,False
0.42217036425499693,-0.42217036567782984,-0.42900643507198344,0.42403959492143134,False
0.42217036425499693,-0.42217036567782984,-0.42900643507198344,0.42403959492143134,False
0.44306163049144354,-0.443061631801901,-0.4578931553097288,0.4451708853584235,False
0.5250605872587957,-0.5250607106313975,-0.5696604962550186,0.5279785066226936,False
0.9051361503437209,-0.9051360471234371,-1.0348582026827151,0.9095774077516887,False
1.6118986508804334,-1.6118984977931499,-1.6775324528744526,1.6144224339288413,False
1.3563592921944208,-1.3563592104893116,-1.474670055254071,1.3598493327281178,False
-0.5453763968187899,0.5453765588141903,0.7360154879338314,-0.5559806527122553,False
0.448558312771744,-0.4485583140551054,-0.4654720096578364,0.45072844625227587,False
-1.5675549811775562,1.56755449055891,1.3080078032536877,-1.5546028437789428,False
1.973694166199346,-1.973694039749228,-1.9225275034355092,1.9750790552050455,False
0.42217036425499693,-0.42217036567782984,-0.42900643507198344,0.42403959492143134,False
-1.721033118093194,1.7210332805564466,1.3353016032298743,-1.7002141029493487,False
0.42217036425499693,-0.42217036567782984,-0.42900643507198344,0.42403959492143134,False
-0.9279585824114344,0.927958748022153,1.0330877028348082,-0.9353850471530649,False
0.42217036425499693,-0.42217036567782984,-0.42900643507198344,0.42403959492143134,False
-1.8689978289748437,1.8689975358084192,1.348541080612817,-1.8394755553400906,False
-1.7907782667520415,1.7907786531324386,1.3431048806874604,-1.7659933826024337,False
-0.822718741606779,0.8227185205757275,0.9615078583971187,-0.8316554458407706,False
1.0010388033945021,-1.0010389087449734,-1.138091541620975,1.0054440632898995,False
-0.8567823040485727,0.8567826636168159,0.9855148238931616,-0.865285135514679,False
-0.6108406954176946,0.6108404892361543,0.7940629707027886,-0.6213430497117093,False
2.1158978104612918,-2.1158978042454035,-2.010689391183354,2.117020078254467,False
0.42217036425499693,-0.42217036567782984,-0.42900643507198344,0.42403959492143134,False
-0.822718741606779,0.8227185205757275,0.9615078583971187,-0.8316554458407706,False
1.1558700527143018,-1.155869767833436,-1.2933049716389988,1.1599921569823406,False
0.5729688003421045,-0.5729688012800486,-0.6332534294461214,0.5762656223229379,False
1.7239606042756384,-1.7239606628526158,-1.7579245628738072,1.7260784205035407,False
-0.5117595159192495,0.5117594970720942,0.7050568798751857,-0.5223489812781753,False
0.42217036425499693,-0.42217036567782984,-0.42900643507198344,0.42403959492143134,False
0.42217036425499693,-0.42217036567782984,-0.42900643507198344,0.42403959492143134,False
-0.8395751268710822,0.8395750983370932,0.9734892797094357,-0.8483033487066481,False
-1.384179232717426,1.3841785478377624,1.2564439847398603,-1.3790913937296783,False
-0.9279585824114344,0.927958748022153,1.0330877028348082,-0.9353850471530649,False
-1.7903672645674156,1.7903674262327636,1.3430651505109332,-1.7656066209404921,False
-1.920932647885553,1.9209323511399994,1.350254857838977,-1.8880936426850075,False
-0.12609187142421488,0.12609170044188578,0.29548144587208214,-0.1335684686097389,False
-0.822718741606779,0.8227185205757275,0.9615078583971187,-0.8316554458407706,False
0.42217036425499693,-0.42217036567782984,-0.42900643507198344,0.42403959492143134,False
2.075594343227325,-2.075594557226435,-1.9858220998143246,2.0767776310546,False
-1.190442868161304,1.1904430340935155,1.1785624840346294,-1.191880301037128,False
1.4265233531258048,-1.426523186082282,-1.5333251375698087,1.429753380282338,False
-1.08572638691004,1.0857267555220669,1.1261273444758253,-1.0899398617155363,False
-0.822718741606779,0.8227185205757275,0.9615078583971187,-0.8316554458407706,False
0.42217036425499693,-0.42217036567782984,-0.42900643507198344,0.42403959492143134,False
1.8981640494924235,-1.8981641888963052,-1.8745018963295919,1.899738438385364,False
1.5043283106853724,-1.5043282362291643,-1.5956764203752347,1.5072623077325855,False
-0.9279585824114344,0.927958748022153,1.0330877028348082,-0.9353850471530649,False
0.4100411446155507,-0.4100411461104958,-0.41218851076994545,0.4117643576061949,False
0.42217036425499693,-0.42217036567782984,-0.42900643507198344,0.42403959492143134,False
-1.6535877606343725,1.6535877030489412,1.325045136786531,-1.6363700176842904,False
2.0485991767670457,-2.048599186191821,-1.9691566731224346,2.049829258810539,False
-0.9279585824114344,0.927958748022153,1.0330877028348082,-0.9353850471530649,False
0.42217036425499693,-0.42217036567782984,-0.42900643507198344,0.42403959492143134,False
0.8505937555510561,-0.8505939728289624,-0.9736414192255557,0.8549948696579519,False
1.7565458454534069,-1.756545783685382,-1.780451542828718,1.7585525093407661,False
-1.1083835436478677,1.1083835062332643,1.1380983140473104,-1.112040271625315,False
1.433605078593857,-1.4336051777917824,-1.5391152919594713,1.4368088169496818,False
0.42217036425499693,-0.42217036567782984,-0.42900643507198344,0.42403959492143134,False
0.5558168645855918,-0.5558167447315329,-0.610648098547888,0.5589856388710487,False
0.35939196452608874,-0.3593920978206497,-0.3417311085152123,0.36044996290309594,False
1.0551724985852746,-1.0551726026990265,-1.1939361533807062,1.0595064406751824,False
0.6878587660566832,-0.6878587671126574,-0.7799731790181702,0.6918204123775139,False
0.42217036425499693,-0.42217036567782984,-0.42900643507198344,0.42403959492143134,False
0.42217036425499693,-0.42217036567782984,-0.42900643507198344,0.42403959492143134,False
-0.594711545877681,0.5947111569610397,0.7800369113328266,-0.6052545435299537,False
-0.8700787296353506,0.8700783104838268,0.9946714732447601,-0.878397291274956,False
1.6118986508804334,-1.6118984977931499,-1.6775324528744526,1.6144224339288413,False
0.42217036425499693,-0.42217036567782984,-0.42900643507198344,0.42403959492143134,False
1.4864058152838537,-1.4864060014251115,-1.5815561592348275,1.4894083125708015,False
-0.1946662207087916,0.19466637501586928,0.37539532372029866,-0.20305673467009638,False
1.498808496355782,-1.498808334789999,-1.5913426351277558,1.5017633515483275,False
0.42217036425499693,-0.42217036567782984,-0.42900643507198344,0.42403959492143134,False
0.42217036425499693,-0.42217036567782984,-0.42900643507198344,0.42403959492143134,False
0.42217036425499693,-0.42217036567782984,-0.42900643507198344,0.42403959492143134,False
0.42217036425499693,-0.42217036567782984,-0.42900643507198344,0.42403959492143134,False
0.46540414482695697,-0.46540427151960373,-0.48863719457405036,0.4677547397348677,False
-0.8455979757829968,0.8455979470587337,0.9777234685569542,-0.8542484328093055,False
-1.6772538301688467,1.6772539930983277,1.328950527572838,-1.6587996370084566,False
-1.0281882517618315,1.028188016476068,1.09416543802372,-1.0337068678025167,True
0.3887300414204216,-0.3887297835751531,-0.3825758670604719,0.39018434020235404,False
1.6118986508804334,-1.6118984977931499,-1.6775324528744526,1.6144224339288413,False
-1.7041549023817084,1.704154842795816,1.3329879331335395,-1.6842575855311819,False
0.42217036425499693,-0.42217036567782984,-0.42900643507198344,0.42403959492143134,False
0.42217036425499693,-0.42217036567782984,-0.42900643507198344,0.42403959492143134,False
1.5389543067991314,-1.5389543198625575,-1.6225579445144547,1.541755254636444,False
0.11032362810983522,-0.11032363305762106,-0.0012384396710454174,0.10687971105256873,False
1.2331123414134275,-1.2331122537610946,-1.3656932999998643,1.2370168412075053,False
-0.9279585824114344,0.927958748022153,1.0330877028348082,-0.9353850471530649,False
-0.07595885171344442,0.0759588433437119,0.23523121832765395,-0.08268702613275772,False
-1.1145114082734113,1.1145117778908382,1.1412761794772506,-1.118014297406537,False
-1.527009748646913,1.5270099129451156,1.2984143512021058,-1.5159397359064,False
0.7599761282625206,-0.7599762410114713,-0.8678472609034833,0.7641977714769381,False
-0.0820643527328247,0.08206402595137115,0.24265002493358884,-0.0888870308974029,False
-1.6807413410700347,1.6807408393118903,1.3294981993171548,-1.6621006183326137,True
1.9536063090872722,-1.9536062575673259,-1.9098720264702447,1.9550386782019002,False
-0.009666896092203645,0.009666734038498773,0.15328273128428568,-0.015307982221615023,False
-0.617675309097458,0.6176752872706588,0.7999508352686342,-0.6281567822137017,False
-0.37747108749450964,0.3774712464299822,0.5736589157560565,-0.3875663746009699,False
0.2693416292185558,-0.26934149497329585,-0.21658588958784175,0.268981301048284,False
1.331989622096181,-1.3319894478050065,-1.4537358046773172,1.3355664927243764,False
-0.4126615708681073,0.41266173053198957,0.6092781420482117,-0.42295259670745017,False
1.6118986508804334,-1.6118984977931499,-1.6775324528744526,1.6144224339288413,False
-0.9279585824114344,0.927958748022153,1.0330877028348082,-0.9353850471530649,False
0.5498653596939108,-0.5498653606579237,-0.6027612020940958,0.5529875763940076,False
1.4503154870165609,-1.450315321781643,-1.5526848833765257,1.4534558110505513,False
0.9419375800507275,-0.9419377910982373,-1.0751310956946991,0.9463800711630123,False
-1.5718896205710364,1.5718891295239705,1.3089739644219776,-1.5587311257823495,False
1.9192664418409826,-1.9192664270617397,-1.8880465083264202,1.920784535695703,False
-1.50348758699024,1.5034875352199217,1.2923817604308558,-1.4934713690783707,False
-1.5440918149792568,1.544092196626527,1.302577608501143,-1.532238325104515,False
0.9005516600074964,-0.9005518737929665,-1.0297826777965298,0.9049910273815683,False
-0.02399265837518317,0.023992339382017128,0.1712061333849521,-0.029876896757691916,False
0.7407438411075243,-0.740743842352197,-0.8447323927164329,0.7449062192441466,False
-0.822718741606779,0.8227185205757275,0.9615078583971187,-0.8316554458407706,False
0.42217036425499693,-0.42217036567782984,-0.42900643507198344,0.42403959492143134,False
-0.21485002769695588,0.21484968381135397,0.39835369624540584,-0.22348205122719,False
-0.1268608908492733,0.12686120464945055,0.29639347206916067,-0.13434903820212352,False
1.8361932086428712,-1.8361931509794986,-1.8340653236425501,1.8379457859346726,False
0.6889393437873165,-0.6889395738793923,-0.7813134524598259,0.6929056279011011,False
-0.9273194264504002,0.9273193951037643,1.0326761004371834,-0.934756804979015,False
-0.4354674778251788,0.4354674610279668,0.6319147009843242,-0.44586003264681695,False
0.5976203483221316,-0.5976201117278167,-0.6654263352819474,0.601088333597087,False
-0.20242481086942665,0.2024247997852161,0.38425139997884267,-0.2109091727132014,False
-0.822718741606779,0.8227185205757275,0.9615078583971187,-0.8316554458407706,False
0.42217036425499693,-0.42217036567782984,-0.42900643507198344,0.42403959492143134,False
-1.3808144263189852,1.3808145915838512,1.2552979791782461,-1.375856865149098,False
1.7678300891370817,-1.767830268991155,-1.7881695163663054,1.7697988334483161,False
0.42217036425499693,-0.42217036567782984,-0.42900643507198344,0.42403959492143134,False
-0.3460903851282641,0.3460901978749802,0.5411933558386074,-0.3559738055868852,False
-0.915481800822039,0.9154821628956744,1.0250010504147893,-0.9231131765693387,False
0.42217036425499693,-0.42217036567782984,-0.42900643507198344,0.42403959492143134,False
-0.661353338537471,0.6613533154387227,0.836817377125501,-0.6716562265634812,False
-0.8428534804201859,0.842853839373775,0.9757961073403048,-0.8515389425619261,False
0.10168103055058722,-0.10168088751562568,0.010142004703476249,0.09807106947380591,False
0.42217036425499693,-0.42217036567782984,-0.42900643507198344,0.42403959492143134,False
0.42217036425499693,-0.42217036567782984,-0.42900643507198344,0.42403959492143134,False
1.346128880133027,-1.3461287979313625,-1.4659178755056808,1.3496553890169782,False
0.42217036425499693,-0.42217036567782984,-0.42900643507198344,0.42403959492143134,False
0.42217036425499693,-0.42217036567782984,-0.42900643507198344,0.42403959492143134,False
0.42217036425499693,-0.42217036567782984,-0.42900643507198344,0.42403959492143134,False
-0.822718741606779,0.8227185205757275,0.9615078583971187,-0.8316554458407706,False
-0.9279585824114344,0.927958748022153,1.0330877028348082,-0.9353850471530649,False
0.42217036425499693,-0.42217036567782984,-0.42900643507198344,0.42403959492143134,False
1.0685669530734143,-1.0685668575786063,-1.2074887296504637,1.0728777756858792,False
-0.36326384695816494,0.36326348489631294,0.5590428474509485,-0.37326773480058784,False
1.5274260874259127,-1.5274260141133713,-1.6136657128131464,1.530271186659585,False
1.6118986508804334,-1.6118984977931499,-1.6775324528744526,1.6144224339288413,False
-1.600229949862885,1.6002294560184205,1.3150073799051298,-1.585701306859848,False
-1.7917670964971304,1.7917674828937087,1.3431949372324927,-1.766924379696127,False
-0.5327728881147897,0.5327728686885892,0.7244996281213096,-0.5433761206178434,False
-0.822718741606779,0.8227185205757275,0.9615078583971187,-0.8316554458407706,False
-1.24052895231194,1.2405287023793752,1.2010552149701832,-1.2404537398073743,True
-0.18121517787798583,0.18121533178324067,0.3599521984472122,-0.1894372223274002,False
-0.9279585824114344,0.927958748022153,1.0330877028348082,-0.9353850471530649,False
-0.822718741606779,0.8227185205757275,0.9615078583971187,-0.8316554458407706,False
0.42217036425499693,-0.42217036567782984,-0.42900643507198344,0.42403959492143134,False
-0.17305606035170662,0.1730562140087766,0.3505293924325907,-0.18117352705916637,False
0.42217036425499693,-0.42217036567782984,-0.42900643507198344,0.42403959492143134,False
-0.17771594567244178,0.1777157708111205,0.3559170758998167,-0.18589292493900555,False
0.42217036425499693,-0.42217036567782984,-0.42900643507198344,0.42403959492143134,False
-1.102130176663672,1.1021303426581723,1.1348279746063743,-1.105942932957147,True
-1.7683554682467466,1.7683551820106875,1.340901783319295,-1.744872700486329,False
-0.8291520034784439,0.8291523618196878,0.9661042246414484,-0.8380105666211477,False
-0.9279585824114344,0.927958748022153,1.0330877028348082,-0.9353850471530649,True
-1.2770625007083283,1.2770624573423959,1.2164167404946566,-1.2758077007845132,False
0.42217036425499693,-0.42217036567782984,-0.42900643507198344,0.42403959492143134,False
-0.830770927690256,0.8307710927689521,0.9672554988719597,-0.8396094499874823,False
0.8109987578293114,-0.8109987594508405,-0.928046092576529,0.8153395597127262,False
1.8964277797604283,-1.8964279579497565,-1.8733826662851754,1.8980067789013169,False
0.12590811107591882,-0.12590811577195618,-0.02185447284892696,0.12276606709911532,False
0.42217036425499693,-0.42217036567782984,-0.42900643507198344,0.42403959492143134,False
-1.58084318066331,1.5808437817009697,1.310931962536382,-1.567254911882503,False
-0.822718741606779,0.8227185205757275,0.9615078583971187,-0.8316554458407706,False
-0.5773977183449731,0.5773978808109115,0.7647792645338684,-0.5879738833613996,False
0.42217036425499693,-0.42217036567782984,-0.42900643507198344,0.42403959492143134,False
0.0972464981369723,-0.0972462064801508,0.015967125127299375,0.09355116958948852,False
-0.9279585824114344,0.927958748022153,1.0330877028348082,-0.9353850471530649,False
-0.9279585824114344,0.927958748022153,1.0330877028348082,-0.9353850471530649,False
-0.0027225378331436323,0.0027220671720215605,0.14455228720281493,-0.008243986162321698,False
0.4270250689993208,-0.42702507039471044,-0.43572901847626866,0.42895156784856586,False
-0.10786023631097151,0.10786006670933238,0.2737456619191588,-0.11507317437970135,False
-1.4558260170116255,1.4558259670480997,1.2791016606999588,-1.4478630842223725,False
-0.751598854411502,0.7515982578144277,0.9087863341480367,-0.76127733563952,False
-1.4316760659435164,1.4316755888343726,1.2718272109114859,-1.42471066750419,True
1.3163596107854572,-1.3163594352856172,-1.4401527617324938,1.319991346130231,False
0.42217036425499693,-0.42217036567782984,-0.42900643507198344,0.42403959492143134,False
1.372625531442233,-1.3726257212736308,-1.4884801501008256,1.3760563123364415,False
-0.9279585824114344,0.927958748022153,1.0330877028348082,-0.9353850471530649,False
-0.8894196539967785,0.8894194283260953,1.0077650231587105,-0.8974561133966668,False
0.2015669412772088,-0.20156708625506783,-0.12355551404933729,0.19992837904301067,False
-0.023560277711323248,0.023560114577162214,0.17066739343641182,-0.029436954033330187,False
1.3762080288172576,-1.376208218521501,-1.4915041193858598,1.3796256016684,False
0.9307030923980365,-0.9307031995783223,-1.0629242806456083,0.9351474117308289,False
-0.9279585824114344,0.927958748022153,1.0330877028348082,-0.9353850471530649,False
0.18165933863137984,-0.18165905690996362,-0.09654586992941558,0.17962170025097746,False
1.9003440192673346,-1.9003440036916601,-1.8759060096694011,1.9019125672378943,False
0.42217036425499693,-0.42217036567782984,-0.42900643507198344,0.42403959492143134,False
-0.7827418357786288,0.7827418090193555,0.9323042637360589,-0.7921220161412879,False
1.3899475506007735,-1.389947650059396,-1.503044454068349,1.3933146613774008,False
-1.3852330474450305,1.3852327875561605,1.2568001583169761,-1.3801054079164456,False
-0.5357779856067205,0.5357779660972127,0.7272565208140738,-0.5463824952617372,False
-0.8292181034356224,0.8292180752278536,0.9661507933989182,-0.8380756714187639,False
1.166032056946694,-1.1660321589688794,-1.3030150679655852,1.1701281083438435,False
0.42217036425499693,-0.42217036567782984,-0.42900643507198344,0.42403959492143134,False
0.8237056948787677,-0.8237055878132103,-0.9427851435399637,0.8280692442754148,False
-1.1256330826542558,1.125633452652779,1.1469787105798672,-1.1288497527333319,False
0.42217036425499693,-0.42217036567782984,-0.42900643507198344,0.42403959492143134,False
-1.2526489419964406,1.2526493160676127,1.2062479417873926,-1.2521889932804684,False
-0.013702857821159958,0.013702850675931607,0.15834423153998453,-0.019412627834053096,False
-0.9279585824114344,0.927958748022153,1.0330877028348082,-0.9353850471530649,False
0.42217036425499693,-0.42217036567782984,-0.42900643507198344,0.42403959492143134,False
-0.9279585824114344,0.927958748022153,1.0330877028348082,-0.9353850471530649,False
0.3425614486287815,-0.342561318178384,-0.3182877382619021,0.34337783440538616,False
-1.6633680312337862,1.6633686363887619,1.3266986174677387,-1.6456420120809714,False
1.3084423266886884,-1.3084422426625346,-1.4332254666362683,1.3121006989431596,False
-0.30456823208751127,0.3045682186061311,0.4972247307431021,-0.31411875485656726,False
1.2927042037863794,-1.2927043040989228,-1.4193598137654737,1.2964162692112824,False
0.11240187632271104,-0.11240158637548729,-0.00398102487708506,0.10899768055308849,False
-0.9279585824114344,0.927958748022153,1.0330877028348082,-0.9353850471530649,False
0.73336436505148,-0.7333644788223882,-0.8358009024368609,0.7375030146791381,False
0.8484289467298975,-0.8484289486095768,-0.9711736444780543,0.8528279128008983,False
0.4219746173927245,-0.42197474667768914,-0.4287353764402483,0.4238421248375267,False
-1.519415167993302,1.5194148988788658,1.2965032112886707,-1.508687026001578,False
0.8767787179065545,-0.8767789333278958,-1.0032594946851452,0.8812051514392786,False
-0.4018220981112198,0.4018217314617992,0.5983968853064948,-0.4120568972237736,False
0.9515686132661693,-0.9515687198766873,-1.0855343621514688,0.9560079257221551,False
-0.822718741606779,0.8227185205757275,0.9615078583971187,-0.8316554458407706,False
-0.9279585824114344,0.927958748022153,1.0330877028348082,-0.9353850471530649,False
-1.1943030498383875,1.194302803089627,1.180356575558249,-1.1956279913892582,False
0.42217036425499693,-0.42217036567782984,-0.42900643507198344,0.42403959492143134,False
-1.1171625463037904,1.1171623048733064,1.1426425636081732,-1.120596568468579,False
0.42217036425499693,-0.42217036567782984,-0.42900643507198344,0.42403959492143134,False
0.008029178983354123,-0.008029185719625992,0.13098232764462903,0.002695462323175855,False
1.0911088856439835,-1.0911086923196267,-1.2300628388050023,1.0953781841427594,False
1.2373357377727394,-1.2373355561111463,-1.3695582230037957,1.2412273977980217,False
0.42217036425499693,-0.42217036567782984,-0.42900643507198344,0.42403959492143134,False
1.2293507390446996,-1.22935055675545,-1.3622429457773835,1.2332668728654776,False
0.0502019202261673,-0.05020162345204931,0.0771412471503098,0.0456254480882533,False
-0.822718741606779,0.8227185205757275,0.9615078583971187,-0.8316554458407706,False
-0.822718741606779,0.8227185205757275,0.9615078583971187,-0.8316554458407706,False
-0.9279585824114344,0.927958748022153,1.0330877028348082,-0.9353850471530649,False
0.3180565786439209,-0.3180564469345989,-0.28417439204604966,0.31850253158266,False
-0.9279585824114344,0.927958748022153,1.0330877028348082,-0.9353850471530649,False
-0.4693974105250876,0.46939739282646775,0.6649363926498002,-0.4799046733353026,True
0.5844176631839489,-0.5844179029172563,-0.6482419055215106,0.5877963169144429,False
-1.1936166040919347,1.19361656370467,1.180038041586367,-1.1949623212196603,True
0.42217036425499693,-0.42217036567782984,-0.42900643507198344,0.42403959492143134,False
-0.1725727034582284,0.17257252898145012,0.3499699036424825,-0.1806842000346569,False
-0.9279585824114344,0.927958748022153,1.0330877028348082,-0.9353850471530649,True
-1.1772468395638538,1.1772472112784584,1.1723596822392879,-1.179062811714372,False
-1.224223803051733,1.224223968917328,1.1939177862683628,-1.2246534948699084,True
-1.0099538641787993,1.0099540300574226,1.0835658100992107,-1.015855020622191,False
-0.12979141568368177,0.12979108264937902,0.29986778342036374,-0.13732183344490995,False
-1.6987316883055827,1.6987316289352101,1.3322086473615056,-1.6791280076991306,False
-0.9279585824114344,0.927958748022153,1.0330877028348082,-0.9353850471530649,False
0.17314587540291335,-0.173145736001629,-0.085047796039612,0.1709375008985094,False
-0.3558892755478485,0.3558896072265336,0.5514010467273943,-0.3658429188011597,False
0.8192979652587438,-0.8192980758833671,-0.9376837839413192,0.8236543588844141,False
-1.2864115121389017,1.2864110496608592,1.2202079859568231,-1.2848444918871662,False
-0.2221298866200848,0.22212970845439733,0.40657123966905,-0.2308461915005909,False
0.42217036425499693,-0.42217036567782984,-0.42900643507198344,0.42403959492143134,False
-1.516617007266015,1.5166173882957934,1.2957887391773422,-1.5060159054131335,False
-0.9279585824114344,0.927958748022153,1.0330877028348082,-0.9353850471530649,False
-0.5024235142417485,0.5024234956498864,0.6963204975281624,-0.5130007980791269,False
-1.4087521092711082,1.4087524876882271,1.2645807985779423,-1.4027074656855587,False
1.432710956101672,-1.4327107009373572,-1.538385376175797,1.4359177877166842,False
-0.7160442287670297,0.7160443928950063,0.8811085358841875,-0.7260104965586389,False
-1.8900643881044203,1.8900643209926384,1.3494164469834216,-1.859211761037059,False
0.42217036425499693,-0.42217036567782984,-0.42900643507198344,0.42403959492143134,False
-0.8653003250233919,0.8653002956737891,0.9913939278305383,-0.873685385785169,False
0.42217036425499693,-0.42217036567782984,-0.42900643507198344,0.42403959492143134,False
0.23114755240314439,-0.23114741613533366,-0.1639754056450518,0.23008907515180332,False
0.42217036425499693,-0.42217036567782984,-0.42900643507198344,0.42403959492143134,False
-0.09494309572030041,0.09494324682355236,0.2582245039982079,-0.10196242329410628,False
-1.8721281198803883,1.872128734529664,1.348684309150862,-1.8424089108675834,False
-0.7156363227669433,0.7156364868908801,0.8807851057414059,-0.725603805985205,False
-0.09529065561449929,0.09529048696826736,0.25864388520184595,-0.10231544848681852,True
-0.21220076858410233,0.21220092340151384,0.39535530288457105,-0.22080181478128372,False
-1.3881166866657906,1.38811621392225,1.257773005443745,-1.382878317827462,False
-0.4235383860393234,0.42353854591860657,0.6201191647228718,-0.4338806454584858,False
-0.822718741606779,0.8227185205757275,0.9615078583971187,-0.8316554458407706,False
0.42217036425499693,-0.42217036567782984,-0.42900643507198344,0.42403959492143134,False
-0.16510206299205657,0.1651020527392304,0.34130290067354735,-0.17311553045905986,False
-0.8410819155995769,0.8410816932898345,0.9745521150024622,-0.849791003758391,False
0.42217036425499693,-0.42217036567782984,-0.42900643507198344,0.42403959492143134,False
1.6118986508804334,-1.6118984977931499,-1.6775324528744526,1.6144224339288413,False
-1.2993833541991013,1.2993831002155558,1.225372130469373,-1.297375275336227,False
0.9816111818256702,-0.9816109794964102,-1.1176269360150675,0.9860335687836844,True
-0.9279585824114344,0.927958748022153,1.0330877028348082,-0.9353850471530649,False
2.23701674007824,-2.237016881506269,-2.088070951040195,2.238022464944556,False
-0.822718741606779,0.8227185205757275,0.9615078583971187,-0.8316554458407706,False
0.42217036425499693,-0.42217036567782984,-0.42900643507198344,0.42403959492143134,False
0.42217036425499693,-0.42217036567782984,-0.42900643507198344,0.42403959492143134,False
1.02937927702743,-1.0293794827300928,-1.1675429621217188,1.0337515316294208,False
-0.912049742323164,0.9120497114721974,1.0227589343019468,-0.9197360933896388,False
-0.9279585824114344,0.927958748022153,1.0330877028348082,-0.9353850471530649,False
-1.9174054808831333,1.9174058691661457,1.3501858679726462,-1.8847954538391816,True
-1.4523189175981717,1.452319511777659,1.2780686811307347,-1.4445022088144575,True
1.7999270267981846,-1.799927046896492,-1.8098975163295365,1.8017919453955804,False
0.42217036425499693,-0.42217036567782984,-0.42900643507198344,0.42403959492143134,False
0.42217036425499693,-0.42217036567782984,-0.42900643507198344,0.42403959492143134,False
1.5851113113730313,-1.5851112409321366,-1.657598357246902,1.5877365459220523,False
-1.1936244440369481,1.1936239910204856,1.1800431176093735,-1.1949684139336567,False
-0.822718741606779,0.8227185205757275,0.9615078583971187,-0.8316554458407706,False
1.3771876093661628,-1.3771875286737496,-1.4923300630052418,1.380601418655679,False
1.8012764605196383,-1.8012765602651055,-1.8108039338316493,1.8031368092443678,False
-0.9846583147749814,0.9846584805879661,1.0684847824357713,-0.9910623617591795,False
-0.9279585824114344,0.927958748022153,1.0330877028348082,-0.9353850471530649,False
-1.4403622808682535,1.4403624457847448,1.2744860143011196,-1.4330412298903263,False
-1.8066049053702653,1.8066048416697489,1.3444850899455836,-1.7808861716233388,False
-1.3640149168054017,1.3640150821569226,1.2494735746189503,-1.3596924640957204,False
-1.5276276985464234,1.5276269948950407,1.2985675449417666,-1.5165293441271226,False
1.8579292589199417,-1.8579291631940307,-1.8483666183254515,1.8596168825119173,False
0.570517966131448,-0.5705179670713517,-0.6300340641065084,0.5737969857546035,False
1.6118986508804334,-1.6118984977931499,-1.6775324528744526,1.6144224339288413,False
0.42217036425499693,-0.42217036567782984,-0.42900643507198344,0.42403959492143134,False
1.3944751623601968,-1.394475082510144,-1.5068274031730426,1.3978253437241168,False
-0.668646759292207,0.6686463620998658,0.8428455539448276,-0.6789113843263597,False
1.968818997541916,-1.9688190990069454,-1.919463206639039,1.9702150205598,False
-0.4609468554486762,0.4609466599175508,0.656785013501807,-0.47143023221726393,False
-0.9279585824114344,0.927958748022153,1.0330877028348082,-0.9353850471530649,False
-0.4247032669365263,0.42470342683861045,0.6212741845589989,-0.43505014934081737,False
0.42217036425499693,-0.42217036567782984,-0.42900643507198344,0.42403959492143134,False
0.9092265183096376,-0.9092267315097489,-1.0393751303073995,0.9136690008576943,False
0.5032065989236241,-0.5032068469691061,-0.5401920906460513,0.5059287159380798,False
-1.4829578859349357,1.482957403708501,1.286836306764089,-1.4738405096177798,False
0.42217036425499693,-0.42217036567782984,-0.42900643507198344,0.42403959492143134,False
-0.016323230966057287,0.016323379147580246,0.16162457616351306,-0.02207744881463454,False
0.42217036425499693,-0.42217036567782984,-0.42900643507198344,0.42403959492143134,False
0.747790848039957,-0.7477907373805347,-0.8532291623817991,0.7519757882155872,False
-0.7613532781579964,0.761353442705045,0.9162241888289892,-0.7709417665779518,True
0.42217036425499693,-0.42217036567782984,-0.42900643507198344,0.42403959492143134,False
-1.5525935870349545,1.5525939688694632,1.304584848503522,-1.5403451149394016,False
0.42217036425499693,-0.42217036567782984,-0.42900643507198344,0.42403959492143134,False
0.42217036425499693,-0.42217036567782984,-0.42900643507198344,0.42403959492143134,False
2.0432874012970372,-2.0432876530403052,-1.9658720749940615,2.044527616272742,False
-0.9279585824114344,0.927958748022153,1.0330877028348082,-0.9353850471530649,False
-1.0814493450126468,1.0814497134729164,1.1238286277930134,-1.0857650070080092,False
0.42217036425499693,-0.42217036567782984,-0.42900643507198344,0.42403959492143134,False
0.42217036425499693,-0.42217036567782984,-0.42900643507198344,0.42403959492143134,False
0.32372128403337913,-0.32372141976500884,-0.2920556149031466,0.32425429619254637,False
0.42217036425499693,-0.42217036567782984,-0.42900643507198344,0.42403959492143134,False
-1.8050500423990226,1.8050504290109084,1.3443552608741893,-1.7794239485565522,True
0.47711165088254387,-0.4771116520415331,-0.5046726639999866,0.479581441790978,False
-0.9279585824114344,0.927958748022153,1.0330877028348082,-0.9353850471530649,False
-0.822718741606779,0.8227185205757275,0.9615078583971187,-0.8316554458407706,False
-0.7895258069315051,0.7895257799623829,0.9373385221015882,-0.7988355671800168,False
1.2104181654763397,-1.2104182668196473,-1.3447616044945752,1.214391142974464,False
-0.9279585824114344,0.927958748022153,1.0330877028348082,-0.9353850471530649,True
0.42217036425499693,-0.42217036567782984,-0.42900643507198344,0.42403959492143134,False
1.6556904058635171,-1.655690587766647,-1.709509748919047,1.6580522420519117,False
0.42217036425499693,-0.42217036567782984,-0.42900643507198344,0.42403959492143134,False
-1.6069728538627637,1.6069721399788859,1.316371182284294,-1.5921121048050653,False
-1.8540235221693657,1.8540236830397119,1.347766675246124,-1.825431846246761,True
0.42217036425499693,-0.42217036567782984,-0.42900643507198344,0.42403959492143134,False
0.42217036425499693,-0.42217036567782984,-0.42900643507198344,0.42403959492143134,False
0.6546922140920141,-0.654692331145397,-0.7384635524168274,0.6584952008110606,False
1.5195079782823024,-1.5195079908784717,-1.6075249362898731,1.5223835173681954,False
-0.03804290184216857,0.038043050868452215,0.18867104035869497,-0.04416212586907188,False
-0.31393907229207235,0.31393905858217047,0.5072465690717741,-0.3235697516744579,False
-0.01906160586604251,0.019061598618475884,0.16504955672133884,-0.02486225762175811,False
0.42217036425499693,-0.42217036567782984,-0.42900643507198344,0.42403959492143134,False
-1.1147074991965154,1.1147076651922605,1.14137663137336,-1.1182049207181501,True
0.7776509619061396,-0.7776508526619521,-0.8888853111921842,0.7819196023594915,False
-0.053518210462518354,0.05351820254304551,0.20777544088905667,-0.05988952898439039,False
0.6630031563417289,-0.6630031573378551,-0.748929986672628,0.6668480045954375,False
-1.953623728430907,1.9536234294313013,1.3505732881630133,-1.9186264816211756,False
2.0270730556397614,-2.027073139163523,-1.9558293445692059,2.0283440595587763,False
-0.32266304448416067,0.3226626873093377,0.5165271295076465,-0.3323661566076093,False
0.42217036425499693,-0.42217036567782984,-0.42900643507198344,0.42403959492143134,False
-0.5062671161196673,0.5062669173523726,0.6999248532380583,-0.5168503702109976,False
-0.5000782707417916,0.5000782522138691,0.6941155933275484,-0.5106515831527937,False
-0.822718741606779,0.8227185205757275,0.9615078583971187,-0.8316554458407706,False
-1.3977439354320649,1.397744100604386,1.260982179112286,-1.3921311675404386,False
0.42217036425499693,-0.42217036567782984,-0.42900643507198344,0.42403959492143134,False
0.42217036425499693,-0.42217036567782984,-0.42900643507198344,0.42403959492143134,False
0.918074741879091,-0.9180748494154771,-1.0491113979837208,0.9225181098866603,False
0.5871295514622109,-0.5871294331234516,-0.6517808193681569,0.5905262749307376,False
-0.9279585824114344,0.927958748022153,1.0330877028348082,-0.9353850471530649,False
0.42217036425499693,-0.42217036567782984,-0.42900643507198344,0.42403959492143134,False
0.42217036425499693,-0.42217036567782984,-0.42900643507198344,0.42403959492143134,False
0.09495599038185944,-0.09495599558342133,0.01897096916103507,0.09121709677028259,False
0.42217036425499693,-0.42217036567782984,-0.42900643507198344,0.42403959492143134,False
0.42217036425499693,-0.42217036567782984,-0.42900643507198344,0.42403959492143134,False
-1.3655565996837196,1.3655565530877636,1.250017860283624,-1.3611762800680376,True
-1.1867716187582822,1.1867715786123874,1.1768491422670517,-1.1883147544635082,False
0.9385962994004812,-0.938596093458196,-1.0715087893445874,0.9430392589319506,False
1.9035411281144552,-1.9035411513848135,-1.8779633050427658,1.9051008993550278,False
-0.7695288504059666,0.7695288240538389,0.9224096484080054,-0.7790404658934672,False
2.0941227896681904,-2.0941228561319827,-1.9972485879252937,2.095276648400237,False
-0.08957628003308918,0.08957659051175314,0.2517457916967646,-0.09651445009740592,False
-0.9279585824114344,0.927958748022153,1.0330877028348082,-0.9353850471530649,False
-1.8731304211189188,1.8731308087750052,1.3487307269175373,-1.843348589649791,False
-0.1726589999643254,0.1726591536092309,0.3500696997724785,-0.18077102864647443,False
-1.6805536900873919,1.6805534098926724,1.3294691642009429,-1.6619225897363366,False
-0.9279585824114344,0.927958748022153,1.0330877028348082,-0.9353850471530649,False
0.42217036425499693,-0.42217036567782984,-0.42900643507198344,0.42403959492143134,False
0.42217036425499693,-0.42217036567782984,-0.42900643507198344,0.42403959492143134,False
1.6118986508804334,-1.6118984977931499,-1.6775324528744526,1.6144224339288413,False
0.5272037693429728,-0.5272037703491985,-0.5725359647451916,0.5301390201339587,False
0.8527829839933017,-0.852782878301449,-0.9761338561769537,0.8571868791787182,False
1.563456041446764,-1.5634562254809143,-1.6412695086202136,1.5661636842014466,False
0.9344472371154758,-0.9344473441918206,-1.067000979682652,0.9388909140833905,False
0.28479947545624545,-0.28479934202072216,-0.23798644704119962,0.28470530174661934,False
0.8493592271574432,-0.8493593367841797,-0.9722345226302308,0.8537592684450108,False
0.42217036425499693,-0.42217036567782984,-0.42900643507198344,0.42403959492143134,False
0.42217036425499693,-0.42217036567782984,-0.42900643507198344,0.42403959492143134,False
-0.9279585824114344,0.927958748022153,1.0330877028348082,-0.9353850471530649,False
0.42217036425499693,-0.42217036567782984,-0.42900643507198344,0.42403959492143134,False
-1.8230900954441125,1.82309025670813,1.345770362635318,-1.7963849506139007,False
-0.9279585824114344,0.927958748022153,1.0330877028348082,-0.9353850471530649,False
0.42217036425499693,-0.42217036567782984,-0.42900643507198344,0.42403959492143134,False
0.5414949806203799,-0.5414949815980549,-0.5916330872218912,0.5445500291108232,False
0.7603227182584769,-0.7603227195938624,-0.8682614452157448,0.7645450714591246,False
0.42217036425499693,-0.42217036567782984,-0.42900643507198344,0.42403959492143134,False
0.272877842360632,-0.272877845033637,-0.22147707494664334,0.27258027607708696,False
-0.21096023117007512,0.2109602198923013,0.3939493712958344,-0.2195462329898003,False
1.2555700316818201,-1.2555701324235764,-1.3861365269103958,1.2594047511785131,False
1.0525876096148425,-1.0525874131520236,-1.191308705050686,1.0569255797514534,False
-0.7141641885670776,0.7141641638980725,0.8796207946962311,-0.7241428077737228,False
1.0739686431541897,-1.073968448437098,-1.2129247922237585,1.0782703212118672,False
-0.822718741606779,0.8227185205757275,0.9615078583971187,-0.8316554458407706,False
0.1789624189057045,-0.1789627087261152,-0.09290022101501562,0.17687061932485348,False
0.5322806580649326,-0.532280659060259,-0.5793339611349673,0.5352596308484873,False
1.573913983211635,-1.5739139971354208,-1.6491793858634154,1.5765819477888803,False
0.09938053936755736,-0.09938054449549548,0.013164711346617664,0.09572655398381624,False
-0.9758683944636561,0.9758685602503196,1.0631432983193874,-0.9824408048971293,False
-1.6749455801837685,1.674945521755904,1.3285850156412018,-1.6566119888193764,True
-1.8115317689879835,1.8115312544715807,1.3448852022514757,-1.785519867929854,True
0.42217036425499693,-0.42217036567782984,-0.42900643507198344,0.42403959492143134,False
-0.822718741606779,0.8227185205757275,0.9615078583971187,-0.8316554458407706,False
-0.9279585824114344,0.927958748022153,1.0330877028348082,-0.9353850471530649,False
-0.1990674907474138,0.19906781062903883,0.38042471902444774,-0.207510931119254,False
1.3778578571225886,-1.3778578665647117,-1.4928946419551867,1.3812695365994687,False
-0.6234208051420936,0.6234207831493883,0.8048766125191442,-0.6338829032898461,False
-1.8112870882539196,1.8112870243634203,1.3448640032332866,-1.7852898296393045,False
-1.0767165933159075,1.0767169616075298,1.1212703916263855,-1.0811450580854551,True
0.42217036425499693,-0.42217036567782984,-0.42900643507198344,0.42403959492143134,False
0.42217036425499693,-0.42217036567782984,-0.42900643507198344,0.42403959492143134,False
-0.49053784474999673,0.4905378264813805,0.685111944615418,-0.5010946299569955,False
0.42217036425499693,-0.42217036567782984,-0.42900643507198344,0.42403959492143134,False
-0.33835950645158797,0.3383593197599486,0.5330933183899229,-0.3481847149205572,False
-0.9279585824114344,0.927958748022153,1.0330877028348082,-0.9353850471530649,False
0.8715952459565298,-0.8715954617407978,-0.9974301268539879,0.8760180359239473,False
-0.04073062554205262,0.04073046107862091,0.19199900452258403,-0.04689413158950911,False
0.5078347467288009,-0.5078348710322057,-0.5464555173545333,0.5105998062672312,False
-0.20781195171671207,0.2078119405104804,0.3903785770922879,-0.2163603911056272,False
-0.6716587815437676,0.6716589452035611,0.8453214984780847,-0.6819079619436739,False
0.42217036425499693,-0.42217036567782984,-0.42900643507198344,0.42403959492143134,False
-1.460302389212174,1.4603021241616811,1.2804098912909234,-1.4521519172371886,False
0.42217036425499693,-0.42217036567782984,-0.42900643507198344,0.42403959492143134,False
0.6555497323324249,-0.6555499653814716,-0.7395454539467612,0.6593567404311842,False
0.42217036425499693,-0.42217036567782984,-0.42900643507198344,0.42403959492143134,False
0.42217036425499693,-0.42217036567782984,-0.42900643507198344,0.42403959492143134,False
-0.9279585824114344,0.927958748022153,1.0330877028348082,-0.9353850471530649,False
0.42217036425499693,-0.42217036567782984,-0.42900643507198344,0.42403959492143134,False
0.2570097569620672,-0.25700975981575086,-0.19955520460527762,0.2564310982174954,False
1.6118986508804334,-1.6118984977931499,-1.6775324528744526,1.6144224339288413,False
0.9545495553729786,-0.954549454485364,-1.0887428979133862,0.9589876869010757,False
-1.0494406106653524,1.049440575263802,1.1062339533732013,-1.0544961473094676,False
-1.0946462470902074,1.0946466160167467,1.1308806731883339,-1.0986438053689866,False
0.42217036425499693,-0.42217036567782984,-0.42900643507198344,0.42403959492143134,False
0.42217036425499693,-0.42217036567782984,-0.42900643507198344,0.42403959492143134,False
-1.270169251953377,1.270169417691688,1.2135857440620812,-1.269141484847537,False
-0.9279585824114344,0.927958748022153,1.0330877028348082,-0.9353850471530649,False
0.42217036425499693,-0.42217036567782984,-0.42900643507198344,0.42403959492143134,False
-1.7076398547112903,1.70763935031975,1.333479358720564,-1.6875540317507463,False
-0.7925477156719455,0.7925482642039565,0.9395694902323377,-0.8018256888319982,False
-0.822718741606779,0.8227185205757275,0.9615078583971187,-0.8316554458407706,False
0.42217036425499693,-0.42217036567782984,-0.42900643507198344,0.42403959492143134,False
0.42217036425499693,-0.42217036567782984,-0.42900643507198344,0.42403959492143134,False
0.42217036425499693,-0.42217036567782984,-0.42900643507198344,0.42403959492143134,False
-1.5262914058254955,1.526290919292822,1.298233668921934,-1.515254347063161,False
0.42217036425499693,-0.42217036567782984,-0.42900643507198344,0.42403959492143134,False
-0.1977597506324165,0.1977597396534624,0.3789313040827447,-0.20618724887827208,False
0.42217036425499693,-0.42217036567782984,-0.42900643507198344,0.42403959492143134,False
-0.8965511084629274,0.8965508822969643,1.0125289117153735,-0.9044803054226513,False
0.42217036425499693,-0.42217036567782984,-0.42900643507198344,0.42403959492143134,False
1.9346443147680203,-1.9346444925963016,-1.897851920598387,1.936123607225065,False
-0.822718741606779,0.8227185205757275,0.9615078583971187,-0.8316554458407706,False
0.42217036425499693,-0.42217036567782984,-0.42900643507198344,0.42403959492143134,False
0.42217036425499693,-0.42217036567782984,-0.42900643507198344,0.42403959492143134,False
-0.3143504981913046,0.314350313247931,0.5076862917335626,-0.32398448308336425,False
0.42217036425499693,-0.42217036567782984,-0.42900643507198344,0.42403959492143134,False
-1.8466123547003137,1.8466127419613683,1.3473371046811782,-1.8184771313595414,False
1.5593549644563647,-1.5593550633068536,-1.6381550952605368,1.5620777749419859,False
-0.9279585824114344,0.927958748022153,1.0330877028348082,-0.9353850471530649,False
-0.12144111819629551,0.12144110888426958,0.28995624018357,-0.1288519807344911,False
-1.1764999667762073,1.1764999269916603,1.172005117803824,-1.1783361995086836,False
0.42217036425499693,-0.42217036567782984,-0.42900643507198344,0.42403959492143134,False
-0.822718741606779,0.8227185205757275,0.9615078583971187,-0.8316554458407706,False
-0.822718741606779,0.8227185205757275,0.9615078583971187,-0.8316554458407706,False
-1.4484808214979055,1.4484805572601662,1.2769292082015433,-1.440824214440158,False
0.42217036425499693,-0.42217036567782984,-0.42900643507198344,0.42403959492143134,False
0.42217036425499693,-0.42217036567782984,-0.42900643507198344,0.42403959492143134,False
-0.822718741606779,0.8227185205757275,0.9615078583971187,-0.8316554458407706,False
-0.822718741606779,0.8227185205757275,0.9615078583971187,-0.8316554458407706,False
-1.4374143868498643,1.4374139091669313,1.2735908690861637,-1.4302151653425823,False
-1.4897948153619738,1.4897945482838895,1.2887113346145105,-1.4803800137735943,False
2.2093967059433846,-2.2093966413805752,-2.06958674082509,2.210419771974328,False
0.034775370557382994,-0.03477552912355587,0.09694790301041203,0.029917881879327042,False
0.42217036425499693,-0.42217036567782984,-0.42900643507198344,0.42403959492143134,False
0.42217036425499693,-0.42217036567782984,-0.42900643507198344,0.42403959492143134,False
0.46360787573574586,-0.46360787695014155,-0.4861714640927216,0.46593947879483116,False
0.42217036425499693,-0.42217036567782984,-0.42900643507198344,0.42403959492143134,False
-0.9279585824114344,0.927958748022153,1.0330877028348082,-0.9353850471530649,True
0.793160371810994,-0.7931604833458589,-0.9071845350337235,0.7974653472205934,False
0.4339117499215887,-0.43391175127943066,-0.44525529112751017,0.43591729920692446,False
-0.13508590105346935,0.1350860535101976,0.3061289475398357,-0.14269040053210771,False
-0.44002994073249,0.4400297467003057,0.6364016740724403,-0.4504403956203436,False
-0.6501378900275191,0.6501376810763311,0.827477053281504,-0.6604932965503625,False
1.6118986508804334,-1.6118984977931499,-1.6775324528744526,1.6144224339288413,False
0.42217036425499693,-0.42217036567782984,-0.42900643507198344,0.42403959492143134,False
0.42217036425499693,-0.42217036567782984,-0.42900643507198344,0.42403959492143134,False
0.42217036425499693,-0.42217036567782984,-0.42900643507198344,0.42403959492143134,False
-1.073664942105147,1.07366450147356,1.11961375573417,-1.07816498569356,False
-0.31989563183265995,0.31989544648495466,0.513589841405626,-0.3295755167785936,False
0.021757172927008166,-0.021757179410028905,0.1135622387920509,0.016665978170960122,False
0.42217036425499693,-0.42217036567782984,-0.42900643507198344,0.42403959492143134,False
0.42217036425499693,-0.42217036567782984,-0.42900643507198344,0.42403959492143134,False
0.42217036425499693,-0.42217036567782984,-0.42900643507198344,0.42403959492143134,False
1.6505813014861186,-1.6505812758595528,-1.7058172367902027,1.6529616410434456,False
1.6118986508804334,-1.6118984977931499,-1.6775324528744526,1.6144224339288413,False
0.35746641334461626,-0.35746667832431817,-0.33904834228406017,0.3584968906246743,False
-0.999308990054327,0.9993091559071461,1.0772725561326997,-1.0054249367290435,True
-1.2067937573464853,1.2067939232493428,1.1860898052733426,-1.2077494548285754,False
0.42217036425499693,-0.42217036567782984,-0.42900643507198344,0.42403959492143134,False
1.7214775618458777,-1.721477457587628,-1.7561930256489806,1.7236042746516251,False
-0.9279585824114344,0.927958748022153,1.0330877028348082,-0.9353850471530649,True
0.12485360470743516,-0.12485331618819272,-0.02045512914892053,0.12169156305032956,False
-0.9063998393965674,0.9063998087283488,1.0190479631981486,-0.91417666945903,False
0.42217036425499693,-0.42217036567782984,-0.42900643507198344,0.42403959492143134,False
0.7852145387853438,-0.7852146506049091,-0.8978282074436615,0.789501176935075,False
0.8808560657538268,-0.8808559613874541,-1.0078334532657964,0.8852853369261523,False
0.42217036425499693,-0.42217036567782984,-0.42900643507198344,0.42403959492143134,False
0.7386408772927842,-0.7386407661991592,-0.8421911024596089,0.7427970914612224,False
-0.9279585824114344,0.927958748022153,1.0330877028348082,-0.9353850471530649,False
-0.30549466182826485,0.30549481911738774,0.4982170218367499,-0.3150526575847577,False
1.7493856954744187,-1.749385592958741,-1.7755324383623357,1.751416781863458,False
0.42217036425499693,-0.42217036567782984,-0.42900643507198344,0.42403959492143134,False
-0.822718741606779,0.8227185205757275,0.9615078583971187,-0.8316554458407706,False
0.42217036425499693,-0.42217036567782984,-0.42900643507198344,0.42403959492143134,False
1.679975066815826,-1.6799751658664954,-1.7269268074347273,1.6822486048617558,False
-0.04534527700839016,0.04534542631208246,0.1977037353700725,-0.05158421508759034,False
1.7104263507318898,-1.7104263682605478,-1.7484602864247851,1.7125915457090157,False
1.9526033886747065,-1.9526034517277813,-1.909238126863336,1.9540381963397873,False
0.42217036425499693,-0.42217036567782984,-0.42900643507198344,0.42403959492143134,False
0.42217036425499693,-0.42217036567782984,-0.42900643507198344,0.42403959492143134,False
0.42217036425499693,-0.42217036567782984,-0.42900643507198344,0.42403959492143134,False
-1.8050275299631178,1.8050279165746428,1.3443526113456763,-1.7794021392212718,False
-0.822718741606779,0.8227185205757275,0.9615078583971187,-0.8316554458407706,False
-0.9133134719204421,0.9133138339039242,1.0235846791188752,-0.9209799574314318,False
-0.29575067687698603,0.2957503229753555,0.4877408146321481,-0.3052222501948897,False
-0.5466931756268446,0.5466931558137076,0.7372124019039737,-0.5572962326859954,False
1.2464536460393894,-1.2464534650933237,-1.3778701052177238,1.2503172984986677,False
-1.5337439046785397,1.5337438517511603,1.300076236949315,-1.5223664478581347,False
0.336433844383873,-0.33643384642681506,-0.3097529374013285,0.3371597985890267,False
0.33435656226604105,-0.33435629846333376,-0.30686025932236377,0.3350510154484707,False
0.42217036425499693,-0.42217036567782984,-0.42900643507198344,0.42403959492143134,False
-0.822718741606779,0.8227185205757275,0.9615078583971187,-0.8316554458407706,False
-1.0029904878096414,1.0029900545641,1.079458738839939,-1.0090325342914828,True
2.108912751419362,-2.1089129283306094,-2.0063747844819173,2.1100444959372298,False
1.2333021498767542,-1.233302062233527,-1.3658672275539454,1.2372059745536266,False
-0.9177544262939523,0.9177543952581082,1.0264836415699878,-0.9253490998720875,False
0.5282743366266011,-0.5282742154329091,-0.5739706686496739,0.5312193581715916,False
1.3849254397750013,-1.3849256291728858,-1.4988367871694253,1.3883107644836996,False
-0.9279585824114344,0.927958748022153,1.0330877028348082,-0.9353850471530649,False
-1.6801930233150044,1.6801927431450934,1.329411094611848,-1.6615813818263103,False
-0.499319771994401,0.49931993325207724,0.6934032435603316,-0.5098916623231446,False
0.42217036425499693,-0.42217036567782984,-0.42900643507198344,0.42403959492143134,False
0.42217036425499693,-0.42217036567782984,-0.42900643507198344,0.42403959492143134,False
-0.38433881179129503,0.38433844721573546,0.5806776180418671,-0.39447531239531414,False
-0.23663988920011006,0.23663987733242814,0.4228463140063962,-0.24551863409048996,False
1.3541182083736727,-1.354118398873648,-1.4727573153626723,1.3576161898802788,False
-0.05908698091074238,0.05908681503327962,0.21461747513392357,-0.06554796142718373,False
0.9711592848623886,-0.9711593909587865,-1.1065230978910103,0.9755887682151283,False
-0.5493181409768951,0.5493181210904955,0.7395943380323317,-0.5599208695509902,False
0.42217036425499693,-0.42217036567782984,-0.42900643507198344,0.42403959492143134,False
1.9792366649959285,-1.979236557920823,-1.9260062178840747,1.9806090048422988,False
-0.848751371238439,0.8487509543755531,0.9799288905592229,-0.8573604133582471,False
-0.9279585824114344,0.927958748022153,1.0330877028348082,-0.9353850471530649,True
1.5712199831459632,-1.5712200819935591,-1.6471459799230606,1.5738978350615278,False
-0.4989099285229075,0.49891008977368745,0.6930170501369931,-0.5094824408390878,False
-1.0362095610564925,1.0362097269875974,1.0987561362755383,-1.0415564492901046,False
0.42217036425499693,-0.42217036567782984,-0.42900643507198344,0.42403959492143134,False
1.807863548055585,-1.8078634491950871,-1.8152202415602186,1.809703246413518,False
-0.9279585824114344,0.927958748022153,1.0330877028348082,-0.9353850471530649,False
-0.46353043571064073,0.46353041816907703,0.6592815000409202,-0.4740211685245596,False
-0.3004544322030968,0.30045458936872055,0.4928058175607972,-0.30996755671902015,False
0.42217036425499693,-0.42217036567782984,-0.42900643507198344,0.42403959492143134,False
1.3196399359874795,-1.3196401277859566,-1.4430138973262607,1.323260166264534,False
0.42217036425499693,-0.42217036567782984,-0.42900643507198344,0.42403959492143134,False
0.5046436899751477,-0.5046435676264793,-0.542139033237028,0.5073790018419114,False
-0.16676354225732318,0.1667636957206645,0.34323293471484334,-0.17479921438340137,False
0.9636227445882302,-0.9636228508800411,-1.0984764577419117,0.9680569334900505,False
0.42217036425499693,-0.42217036567782984,-0.42900643507198344,0.42403959492143134,False
-0.2382152309231655,0.23821555392165444,0.42460545484396134,-0.24711180664907487,False
-1.7837858273463152,1.7837857645693007,1.3424480597058688,-1.7594097190659281,True
0.42217036425499693,-0.42217036567782984,-0.42900643507198344,0.42403959492143134,False
-0.796606745520235,0.7966071023757386,0.9425595029641103,-0.8058405571803607,False
-0.36629116468192624,0.3662913233757009,0.5621687224639975,-0.37631514141823574,False
0.14181727211454861,-0.14181727655951656,-0.04302015840376065,0.13898713697038959,False
0.7726108142631064,-0.772610815661106,-0.8829061262934396,0.7768664986865721,False
1.0427392348967344,-1.0427392387299808,-1.1812623512123606,1.047092915012606,False
-0.9279585824114344,0.927958748022153,1.0330877028348082,-0.9353850471530649,True
1.6118986508804334,-1.6118984977931499,-1.6775324528744526,1.6144224339288413,False
-1.7402263545260033,1.7402258469509584,1.3377290471741552,-1.7183401579365414,False
0.42217036425499693,-0.42217036567782984,-0.42900643507198344,0.42403959492143134,False
1.6118986508804334,-1.6118984977931499,-1.6775324528744526,1.6144224339288413,False
1.701156611064193,-1.7011567920668689,-1.7419407493558061,1.703354629366864,False
-0.822718741606779,0.8227185205757275,0.9615078583971187,-0.8316554458407706,False
-0.8400980651083708,0.8400980365578774,0.9738578826686121,-0.8488190411119088,False
-0.2669517892005198,0.2669517766221647,0.4564085055946005,-0.27614826982734975,False
0.17256514710792747,-0.17256529449465477,-0.08426441555928692,0.17034533428944704,False
0.7680237803740596,-0.7680236706738567,-0.8774508059019405,0.772267521363746,False
0.09921520911373648,-0.09921476939366551,0.013382385222729594,0.09555749347476732,False
1.3468871738214983,-1.3468870916566202,-1.4665682012823336,1.350411398203673,False
-0.9279585824114344,0.927958748022153,1.0330877028348082,-0.9353850471530649,False
-1.9422134411444294,1.942213829761164,1.3505281756456748,-1.907975565411893,False
0.9723523099594753,-0.9723524160252099,-1.107794416273152,0.9767807267136289,False
-1.4749935999349328,1.4749935492471395,1.2846151329782365,-1.4662182854264034,False
1.6939573902112623,-1.693957366268287,-1.7368559834797321,1.6961807081749152,False
0.7140854096745581,-0.7140854108137602,-0.8123080416995505,0.7181541902088605,False
0.42217036425499693,-0.42217036567782984,-0.42900643507198344,0.42403959492143134,False
0.48138947126981607,-0.48138947241252356,-0.5105178792939331,0.4839025843831783,False
-0.8116690704054833,0.8116690427476271,0.9535484222383507,-0.8207352556922923,False
0.21159067381027788,-0.21159067723405367,-0.1372158897319356,0.21015145328348928,False
-0.38845737000842706,0.38845735443215246,0.58486954387168,-0.39861872131780113,False
1.8591640513957295,-1.859164034103735,-1.849175143345863,1.8608486230319912,False
0.42217036425499693,-0.42217036567782984,-0.42900643507198344,0.42403959492143134,False
-1.760902932785835,1.7609030947990565,1.3401050518413788,-1.7378460113912217,True
1.59646039614183,-1.5964605793655728,-1.666079349048362,1.599042732471297,False
0.42217036425499693,-0.42217036567782984,-0.42900643507198344,0.42403959492143134,False
-0.23289908216099023,0.23289923756161507,0.418664243648484,-0.2417364864104083,False
-0.9279585824114344,0.927958748022153,1.0330877028348082,-0.9353850471530649,False
0.3168594159753215,-0.31685968618114946,-0.2825078373763929,0.31728682726386026,False
-0.11188862800256008,0.11188877968804396,0.27856591721355833,-0.11916033689803308,False
-0.9279585824114344,0.927958748022153,1.0330877028348082,-0.9353850471530649,False
-0.5317521612728691,0.5317519606922447,0.7235631796420111,-0.5423548176618407,False
1.6118986508804334,-1.6118984977931499,-1.6775324528744526,1.6144224339288413,False
0.42217036425499693,-0.42217036567782984,-0.42900643507198344,0.42403959492143134,False
-0.9279585824114344,0.927958748022153,1.0330877028348082,-0.9353850471530649,True
-0.10012742192588442,0.10012773335765195,0.2644663082397815,-0.10722531864754506,False
0.42217036425499693,-0.42217036567782984,-0.42900643507198344,0.42403959492143134,False
-0.3906498289844635,0.39064963850554263,0.5870969871167242,-0.400823059068213,False
0.42217036425499693,-0.42217036567782984,-0.42900643507198344,0.42403959492143134,False
1.606582500951046,-1.6065824315847994,-1.6735993259763657,1.609126462723334,False
-0.822718741606779,0.8227185205757275,0.9615078583971187,-0.8316554458407706,False
0.9730041688221907,-0.9730042748712027,-1.1084878176184296,0.9774326516405695,False
1.363809507162877,-1.363809697310301,-1.4810115939550514,1.3672722233075785,False
-1.9053467545123683,1.9053464588411515,1.3498966542908064,-1.8735172232066515,False
1.6118986508804334,-1.6118984977931499,-1.6775324528744526,1.6144224339288413,False
-0.9279585824114344,0.927958748022153,1.0330877028348082,-0.9353850471530649,False
-1.156177748214207,1.1561779141900796,1.1622136843629693,-1.1585814536340249,False
-1.181086345950028,1.1810863060042633,1.1741773615755862,-1.182792349573235,False
0.42217036425499693,-0.42217036567782984,-0.42900643507198344,0.42403959492143134,False
-0.8314609883800578,0.8314605733784933,0.9677488527335443,-0.840290513550403,False
-1.4969056570025796,1.496905821530242,1.2906316998009586,-1.4871806984734204,False
-1.930872205649973,1.9308719082191816,1.3504140698044558,-1.897381416115269,False
-0.907976392831475,0.9079761658723153,1.0200863395989614,-0.9157278820083321,False
-0.9279585824114344,0.927958748022153,1.0330877028348082,-0.9353850471530649,True
0.7430114175997292,-0.7430114188543355,-0.8474696174937691,0.7471813209519641,False
-0.8626003326244525,0.8626004979039573,0.9895356945655303,-0.8710225752268838,False
0.42217036425499693,-0.42217036567782984,-0.42900643507198344,0.42403959492143134,False
1.012404561958264,-1.0124046670369369,-1.1499600695608971,1.0167976642224017,False
0.1068088533837593,-0.10680885838910531,0.0033940878611630034,0.10329779816980628,False
0.42217036425499693,-0.42217036567782984,-0.42900643507198344,0.42403959492143134,False
0.5555215876407841,-0.5555214677723982,-0.6102567013777064,0.5586880467108734,False
1.842587572931734,-1.8425874368893551,-1.8382863566719059,1.8443207548397715,False
-0.2110341285271884,0.21103428331111312,0.394033430490582,-0.21962119522713974,False
1.2235179968826086,-1.2235182873142352,-1.3568777528815823,1.2274519136904543,False
-0.9279585824114344,0.927958748022153,1.0330877028348082,-0.9353850471530649,True
1.6118986508804334,-1.6118984977931499,-1.6775324528744526,1.6144224339288413,False
0.42217036425499693,-0.42217036567782984,-0.42900643507198344,0.42403959492143134,False
0.28884704604102124,-0.28884718426669065,-0.24359730404538865,0.2888212886955864,False
2.1489632490651105,-2.148963344213119,-2.0311980026519376,2.1500435649391965,False
0.42217036425499693,-0.42217036567782984,-0.42900643507198344,0.42403959492143134,False
0.42217036425499693,-0.42217036567782984,-0.42900643507198344,0.42403959492143134,False
-1.3469980204569472,1.3469979745443164,1.2433908987935152,-1.3433049941245732,False
0.42217036425499693,-0.42217036567782984,-0.42900643507198344,0.42403959492143134,False
0.42217036425499693,-0.42217036567782984,-0.42900643507198344,0.42403959492143134,False
0.23495380246030032,-0.2349533880245853,-0.16919893178798676,0.23396728820382412,False
0.4080298056344036,-0.40803006442671,-0.4093968729123336,0.4097278570609715,False
0.42217036425499693,-0.42217036567782984,-0.42900643507198344,0.42403959492143134,False
0.42217036425499693,-0.42217036567782984,-0.42900643507198344,0.42403959492143134,False
-1.2620945897527327,1.2620943383354901,1.2102310316526557,-1.2613305741269125,False
0.42217036425499693,-0.42217036567782984,-0.42900643507198344,0.42403959492143134,False
0.42217036425499693,-0.42217036567782984,-0.42900643507198344,0.42403959492143134,False
0.42217036425499693,-0.42217036567782984,-0.42900643507198344,0.42403959492143134,False
1.6118986508804334,-1.6118984977931499,-1.6775324528744526,1.6144224339288413,False
-0.5244310205825358,0.524431001386936,0.7168178212093703,-0.5350305911231932,False
1.7992062419650845,-1.7992061425630803,-1.8094131684555848,1.801073325956698,False
-0.4110487045721167,0.4110486884132127,0.6076652440643588,-0.4213311875710885,False
0.42217036425499693,-0.42217036567782984,-0.42900643507198344,0.42403959492143134,False
0.42217036425499693,-0.42217036567782984,-0.42900643507198344,0.42403959492143134,False
1.5619915621098075,-1.5619916609592186,-1.6401581600398867,1.5647042423594564,False
1.9843297727473852,-1.9843298365239765,-1.9291981942942065,1.985690942386202,False
0.2560323455446318,-0.25603262403283683,-0.19820683417503165,0.25543594386704505,False
-1.292327329889938,1.2923277051321471,1.2225754489189309,-1.2905606990438325,False
0.42217036425499693,-0.42217036567782984,-0.42900643507198344,0.42403959492143134,False
0.42217036425499693,-0.42217036567782984,-0.42900643507198344,0.42403959492143134,False
0.13111686168952003,-0.13111701250566987,-0.02877073139943839,0.12807633074599975,False
1.7581291403692387,-1.7581289981171067,-1.7815369637409502,1.76013069742386,False
-0.10699309908231203,0.10699341112863744,0.27270641851543576,-0.11419256141311297,False
-1.824030819595058,1.824031206507994,1.3458392756428803,-1.797270475856956,False
1.0825866928976053,-1.0825868956261508,-1.2215629683158553,1.0868718307780507,False
0.42217036425499693,-0.42217036567782984,-0.42900643507198344,0.42403959492143134,False
-0.6721923139577378,0.6721917292877867,0.8457610009576644,-0.6824385265497842,False
-1.2994477661047168,1.299448141552169,1.225397821295457,-1.2974381318777588,False
0.42217036425499693,-0.42217036567782984,-0.42900643507198344,0.42403959492143134,False
1.4460725351070778,-1.4460725460127466,-1.5492516638048728,1.4492291518659184,False
-0.37944617373213574,0.37944580973878217,0.5756809945537653,-0.3895537860765285,False
0.42217036425499693,-0.42217036567782984,-0.42900643507198344,0.42403959492143134,False
0.42217036425499693,-0.42217036567782984,-0.42900643507198344,0.42403959492143134,False
-0.5380793144364788,0.5380796577766158,0.7293613205120202,-0.5486838490181709,False
0.42217036425499693,-0.42217036567782984,-0.42900643507198344,0.42403959492143134,False
0.42217036425499693,-0.42217036567782984,-0.42900643507198344,0.42403959492143134,False
-0.822718741606779,0.8227185205757275,0.9615078583971187,-0.8316554458407706,False
0.42217036425499693,-0.42217036567782984,-0.42900643507198344,0.42403959492143134,False
-1.6437565056848475,1.6437564484859644,1.323323831044525,-1.6270449009703487,False
1.782617430020089,-1.7826174896183213,-1.7982204738433385,1.7845384330187346,False
-0.05013560323517049,0.05013591005543071,0.2036117736188843,-0.05645228587186254,False
-1.0044427140602104,1.0044428799258018,1.080317790878584,-1.0104550243914623,False
0.4554716570612661,-0.45547178433346736,-0.47499100064527844,0.45771701343452736,False
0.42217036425499693,-0.42217036567782984,-0.42900643507198344,0.42403959492143134,False
-0.8305518835357654,0.830551855286056,0.9670990265193689,-0.8393921264217837,False
-0.64125664744207,0.6412569965626128,0.8200184727472176,-0.6516505048554867,False
-0.02325118794095302,0.023251024830780682,0.17028178106727043,-0.02912307556970656,False
-0.822718741606779,0.8227185205757275,0.9615078583971187,-0.8316554458407706,False
0.2279640497980294,-0.22796419265415274,-0.1596099322503603,0.22684457711861905,False
-1.459282247994031,1.4592821979001427,1.2801140672060471,-1.4511740510945086,False
-0.9279585824114344,0.927958748022153,1.0330877028348082,-0.9353850471530649,False
-0.9279585824114344,0.927958748022153,1.0330877028348082,-0.9353850471530649,False
-0.9279585824114344,0.927958748022153,1.0330877028348082,-0.9353850471530649,False
-0.9279585824114344,0.927958748022153,1.0330877028348082,-0.9353850471530649,True
0.42217036425499693,-0.42217036567782984,-0.42900643507198344,0.42403959492143134,False
0.7259916213725782,-0.7259916225563002,-0.8268441643934165,0.730104407493434,False
-0.4321997766981809,0.43219993674576523,0.6286924110094719,-0.44257932176916226,False
0.42217036425499693,-0.42217036567782984,-0.42900643507198344,0.42403959492143134,False
0.31976311763903126,-0.31976298601772757,-0.28654800334542413,0.3202356740983912,False
-0.9279585824114344,0.927958748022153,1.0330877028348082,-0.9353850471530649,True
-0.822718741606779,0.8227185205757275,0.9615078583971187,-0.8316554458407706,False
-0.9243861979492713,0.9243859698514696,1.0307843350154893,-0.9318726044607314,False
1.6118986508804334,-1.6118984977931499,-1.6775324528744526,1.6144224339288413,False
1.5900956818035834,-1.5900956116118763,-1.6613295369510395,1.5927015313630422,False
1.5739839597465666,-1.5739839736721009,-1.649232096557023,1.576651247557245,False
-0.9279585824114344,0.927958748022153,1.0330877028348082,-0.9353850471530649,False
-0.33545763052353117,0.3354579607650072,0.530043614272178,-0.34526145176433576,False
0.42217036425499693,-0.42217036567782984,-0.42900643507198344,0.42403959492143134,False
1.8855519994179577,-1.8855519832231025,-1.8663547139189012,1.8871614315124683,False
0.42217036425499693,-0.42217036567782984,-0.42900643507198344,0.42403959492143134,False
0.06948595323808587,-0.0694858086999859,0.0522043157808493,0.06526654287483484,False
-0.7145632828278947,0.7145636357354834,0.8799359660341349,-0.7245397070471746,False
-0.9279585824114344,0.927958748022153,1.0330877028348082,-0.9353850471530649,False
0.42217036425499693,-0.42217036567782984,-0.42900643507198344,0.42403959492143134,False
1.155483924646567,-1.155484026843123,-1.2929349754971793,1.1596071834386446,False
-0.4536572635491362,0.4536576017322923,0.6497148973607618,-0.4641166672721189,False
-0.9279585824114344,0.927958748022153,1.0330877028348082,-0.9353850471530649,False
0.42217036425499693,-0.42217036567782984,-0.42900643507198344,0.42403959492143134,False
1.5284437837991605,-1.5284437966090305,-1.6144530202889573,1.5312853981371635,False
0.0894339560340713,-0.08943411023826665,0.026205112400363367,0.08559042822786865,False
-1.1590889097306267,1.1590886654087238,1.1636346842284384,-1.1614125339630066,False
1.3238909397308258,-1.3238911313654356,-1.446713260970722,1.3274959691808716,False
0.42217036425499693,-0.42217036567782984,-0.42900643507198344,0.42403959492143134,False
-0.21160626759917325,0.21160592412106155,0.3946825439389884,-0.22020013715486764,False
0.42217036425499693,-0.42217036567782984,-0.42900643507198344,0.42403959492143134,False
-1.5717931215708023,1.5717930671774019,1.3089529583715374,-1.5586386717670009,True
0.42217036425499693,-0.42217036567782984,-0.42900643507198344,0.42403959492143134,False
-0.2551612441186108,0.2551612318185149,0.44342442602319826,-0.26423821796671815,False
0.1946826695956783,-0.1946828151386214,-0.1141953281799599,0.19290587343589866,False
-1.3787240664848552,1.3787238070436032,1.2545820624366644,-1.373846228684766,False
-1.8253167373912744,1.825316672930511,1.3459320450479362,-1.798478270523517,False
-0.9749954595891702,0.9749954266784928,1.0626089833808385,-0.981584320126785,False
0.42217036425499693,-0.42217036567782984,-0.42900643507198344,0.42403959492143134,False
-0.9279585824114344,0.927958748022153,1.0330877028348082,-0.9353850471530649,True
0.2845141727197418,-0.2845143112631715,-0.23759013236973897,0.284415892359044,False
-0.3116817919473216,0.31168160719866106,0.5048386156973066,-0.32129249265179666,False
-0.4859940785623179,0.48599388124076714,0.6808025213450303,-0.49654195238219173,False
0.42217036425499693,-0.42217036567782984,-0.42900643507198344,0.42403959492143134,False
0.42217036425499693,-0.42217036567782984,-0.42900643507198344,0.42403959492143134,False
-0.651638760702014,0.6516385516452056,0.8287321862183069,-0.6619884702854176,False
-1.1452299179650558,1.1452300839497167,1.1568264780677835,-1.1479305934002093,False
1.4054087872953749,-1.405408797316061,-1.515922343738586,1.408718852532575,False
0.42217036425499693,-0.42217036567782984,-0.42900643507198344,0.42403959492143134,False
0.5740778279576191,-0.5740777089881929,-0.6347093127661402,0.577383139981616,False
1.089580897478511,-1.0895808029804679,-1.228541865523301,1.0938531204859039,False
0.8570715973530889,-0.8570718141662965,-0.9810080523308825,0.8614805933460483,False
0.8417195880691163,-0.8417196979445446,-0.9635068976277171,0.8461099101328478,False
0.42217036425499693,-0.42217036567782984,-0.42900643507198344,0.42403959492143134,False
0.3273388469784349,-0.32733858239196945,-0.29709032664012364,0.32792783931389663,False
0.42217036425499693,-0.42217036567782984,-0.42900643507198344,0.42403959492143134,False
1.6118986508804334,-1.6118984977931499,-1.6775324528744526,1.6144224339288413,False
0.42217036425499693,-0.42217036567782984,-0.42900643507198344,0.42403959492143134,False
1.6118986508804334,-1.6118984977931499,-1.6775324528744526,1.6144224339288413,False
0.42217036425499693,-0.42217036567782984,-0.42900643507198344,0.42403959492143134,False
-1.022989457352346,1.022989222426044,1.0911652224615092,-1.0286188660615712,False
-0.9313431456028606,0.9313427199199024,1.0352634344273284,-0.938712742354218,False
-0.1569833802684246,0.1569835334266059,0.3318441925342164,-0.16488893464386767,False
0.42217036425499693,-0.42217036567782984,-0.42900643507198344,0.42403959492143134,False
1.238639919543274,-1.2386398321561471,-1.3707499885100718,1.242527698201992,False
-1.6031972852020238,1.6031967910650238,1.3156096563307225,-1.5885224982280237,False
-0.9279585824114344,0.927958748022153,1.0330877028348082,-0.9353850471530649,True
0.7484190661543925,-0.7484190674332958,-0.8539850284683893,0.7526060549044452,False
0.42217036425499693,-0.42217036567782984,-0.42900643507198344,0.42403959492143134,False
-1.7233138998289863,1.7233138394798486,1.335600325584081,-1.7023682110168548,False
-1.7839638746586446,1.7839640364006897,1.342465273379143,-1.7595769928826523,False
-0.9279585824114344,0.927958748022153,1.0330877028348082,-0.9353850471530649,False
-1.7141176084901368,1.7141177710289974,1.3343725364160595,-1.6936781281077917,False
-0.9024539447236078,0.9024537181477991,1.0164461252232975,-0.9102912125113447,False
1.6954925443103468,-1.6954926434229414,-1.737941801130182,1.6977106796234407,False
1.2906965382891478,-1.2906966386234098,-1.4175818718597892,1.294416187949507,False
-0.20199787367170277,0.20199819379087403,0.38376470171992816,-0.210477421643082,False
0.42217036425499693,-0.42217036567782984,-0.42900643507198344,0.42403959492143134,False
0.0657565326270963,-0.06575653832565698,0.05704198261070775,0.06146681499510361,False
0.42217036425499693,-0.42217036567782984,-0.42900643507198344,0.42403959492143134,False
-1.6980421771095178,1.69804189571177,1.332106955344921,-1.6784768664049319,False
-1.7979669506771971,1.7979671122507366,1.3437485651764074,-1.7727594076769568,False
-1.3348243059561897,1.3348246824016388,1.2389239130755503,-1.3315719177888607,True
-1.7199830583373166,1.7199834435031214,1.335161502315592,-1.6992210278980435,False
-0.9279585824114344,0.927958748022153,1.0330877028348082,-0.9353850471530649,False
0.8770361831871702,-0.8770361852904988,-1.003548693468555,0.8814624531381281,False
-0.27222116305351146,0.2722209811934573,0.4621831321573595,-0.28147030210431495,False
0.4074577895427898,-0.4074577910537488,-0.4086024154856555,0.4091494496627284,False
-0.2491124268995384,0.24911241474129642,0.4367297724675835,-0.2581257130851917,False
-1.5491527582289588,1.5491527047093445,1.3037784192557496,-1.537064598149947,False
-1.1812765934127878,1.1812765534603313,1.1742673188518833,-1.1829777555921839,True
0.5190131874085251,-0.5190133111053646,-0.5615341064526759,0.5218779729978775,False
-0.2027487779561066,0.2027487668645721,0.3846213565373856,-0.21123718184859028,False
-0.9404826833678496,0.9404826515918595,1.0410956856269136,-0.947696526681968,False
