pcs,lps,entropy,loss
0.10041093826293945,0.4497945308685303,0.9927148818969727,0.7446123957633972
0.2763552963733673,0.6381776928901672,0.9441854953765869,0.5644858479499817
0.17805874347686768,0.5890293717384338,0.9770073890686035,0.608075737953186
0.5266449451446533,0.7633224725723267,0.7894712686538696,0.4641006588935852
0.19090402126312256,0.5954520106315613,0.9735488891601562,0.6022438406944275
0.6447539925575256,0.8223769664764404,0.6748493313789368,0.4218578338623047
0.23391816020011902,0.6169590950012207,0.9601614475250244,0.5830123424530029
0.4347832500934601,0.7173916101455688,0.8589805960655212,0.4992012679576874
0.3210475444793701,0.33947622776031494,0.9243166446685791,0.8664999604225159
0.0724320113658905,0.5362159609794617,0.9962122440338135,0.6575868725776672
0.0909636914730072,0.5454818606376648,0.9940230250358582,0.6486992835998535
0.43807458877563477,0.7190372943878174,0.8567591905593872,0.49790921807289124
0.05392569303512573,0.4730371832847595,0.9979013204574585,0.7204734683036804
0.01003575325012207,0.49498212337493896,0.999927282333374,0.6981776356697083
0.7964127063751221,0.898206353187561,0.4746556580066681,0.3722141683101654
0.5338766574859619,0.766938328742981,0.7833104133605957,0.4614216387271881
0.05999818444252014,0.5299990773200989,0.9974017143249512,0.6635980010032654
0.1140599250793457,0.5570299625396729,0.9905949831008911,0.6377425789833069
0.11852160096168518,0.440739244222641,0.9898431301116943,0.7541629076004028
0.7219650745391846,0.8609825372695923,0.5816598534584045,0.39595112204551697
0.5321609973907471,0.23391953110694885,0.7847815752029419,0.9942171573638916
0.5019569396972656,0.7509784698486328,0.8097236156463623,0.47333863377571106
0.7929810881614685,0.8964905142784119,0.4800225794315338,0.3732820153236389
0.7568662762641907,0.8784331679344177,0.5338481068611145,0.3846733272075653
0.6520459055900574,0.8260229229927063,0.6667222380638123,0.41935408115386963
0.7862850427627563,0.8931425213813782,0.4903637766838074,0.37537282705307007
0.15674430131912231,0.42162787914276123,0.9822040796279907,0.7745872735977173
0.6253306865692139,0.8126653432846069,0.695862352848053,0.428585410118103
0.604499340057373,0.19775035977363586,0.7174059152603149,1.0403952598571777
0.7133806943893433,0.8566903471946716,0.5928412675857544,0.3987659513950348
0.6928802728652954,0.8464401364326477,0.6186776161193848,0.4055541157722473
0.12060895562171936,0.5603044629096985,0.9894812703132629,0.6346598863601685
0.6688219904899597,0.8344109654426575,0.6475141048431396,0.4136393964290619
0.5327957272529602,0.7663978934288025,0.7842379808425903,0.4618213474750519
0.7490198612213135,0.8745099306106567,0.5449386239051819,0.38718560338020325
0.7989686727523804,0.8994843363761902,0.470628023147583,0.3714205324649811
0.13544896245002747,0.5677244663238525,0.9867250919342041,0.627714216709137
0.4786018133163452,0.7393009066581726,0.8277994394302368,0.48220956325531006
0.015414685010910034,0.4922926723957062,0.999828577041626,0.700884222984314
0.8193050026893616,0.9096525311470032,0.4376286566257477,0.3651553690433502
0.08153444528579712,0.5407671928405762,0.9951992630958557,0.6532106995582581
0.828406810760498,0.914203405380249,0.42228150367736816,0.36237984895706177
0.4868071973323822,0.7434036135673523,0.8215667009353638,0.4790782928466797
0.4771762788295746,0.7385881543159485,0.8288694620132446,0.482755184173584
0.061938703060150146,0.5309693813323975,0.9972308278083801,0.6626572608947754
0.5137585401535034,0.2431207299232483,0.8001915216445923,0.9826632738113403
0.6572375297546387,0.8286187648773193,0.660854697227478,0.4175788462162018
0.719480574131012,0.8597402572631836,0.5849185585975647,0.3967640995979309
0.5152574777603149,0.24237126111984253,0.7989614009857178,0.983601450920105
0.3807748556137085,0.30961257219314575,0.8927257657051086,0.9015498757362366
0.04357194900512695,0.4782140254974365,0.9986301064491272,0.7151704430580139
0.4642201364040375,0.7321100831031799,0.8384205102920532,0.48773619532585144
0.7477542757987976,0.8738771677017212,0.5467084050178528,0.38759198784828186
0.8530431985855103,0.9265215992927551,0.3787723183631897,0.3549548387527466
0.12246102094650269,0.43876945972442627,0.9891549944877625,0.7562510967254639
0.5929579734802246,0.7964789867401123,0.7289144992828369,0.4399889409542084
0.5335999727249146,0.7667999863624573,0.7835480570793152,0.4615238904953003
0.0006805360317230225,0.5003402829170227,0.9999996423721313,0.6928069591522217
0.6770341396331787,0.8385170698165894,0.6378453969955444,0.4108649790287018
0.3622474670410156,0.3188762664794922,0.9031552076339722,0.8905848860740662
0.7513575553894043,0.8756787776947021,0.5416558384895325,0.3864356577396393
0.0025829076766967773,0.5012914538383484,0.9999951720237732,0.6918565630912781
0.5991698503494263,0.7995849251747131,0.7227574586868286,0.4377821683883667
0.26487937569618225,0.6324396729469299,0.9487804174423218,0.5694521069526672
0.34132853150367737,0.6706642508506775,0.9142462015151978,0.5369759202003479
0.81553715467453,0.9077686071395874,0.4438744783401489,0.3663095235824585
0.7631908059120178,0.8815954327583313,0.524757444858551,0.3826580047607422
0.7797831296920776,0.8898915648460388,0.5002430081367493,0.37741219997406006
0.2530554533004761,0.37347227334976196,0.953300952911377,0.8276582956314087
0.6961864233016968,0.8480932116508484,0.6145915389060974,0.4044530689716339
0.44588369131088257,0.7229418754577637,0.8514112830162048,0.4948537349700928
0.623608410358429,0.8118041753768921,0.6976819038391113,0.429186075925827
0.03049623966217041,0.4847518801689148,0.9993290305137634,0.7085115313529968
0.25593164563179016,0.3720341622829437,0.9522212147712708,0.8292784690856934
0.1009630560874939,0.5504815578460693,0.9926344156265259,0.6439393162727356
0.6907602548599243,0.8453801274299622,0.6212817430496216,0.4062614142894745
0.19182899594306946,0.4040854871273041,0.9732903242111206,0.7936544418334961
0.38815173506736755,0.3059241473674774,0.888412356376648,0.9059387445449829
0.8671322464942932,0.933566153049469,0.3524724543094635,0.35076579451560974
0.06931895017623901,0.4653404951095581,0.9965311288833618,0.7284072041511536
0.4591401219367981,0.7295700311660767,0.8420809507369995,0.4897000193595886
0.786166787147522,0.893083393573761,0.490544855594635,0.3754098415374756
0.7512080073356628,0.12439600378274918,0.5418663620948792,1.137691617012024
0.7347391843795776,0.8673695921897888,0.5646082162857056,0.3917923867702484
0.7792270183563232,0.8896135091781616,0.5010806322097778,0.37758710980415344
0.47535523772239685,0.26232239603996277,0.830230712890625,0.9588081240653992
0.11252856254577637,0.5562642812728882,0.9908463954925537,0.6384649276733398
0.7318353652954102,0.8659176826477051,0.5685285925865173,0.3927346467971802
0.8890615105628967,0.944530725479126,0.30919045209884644,0.3443279266357422
0.6721564531326294,0.8360782265663147,0.6436097025871277,0.41251108050346375
0.04088622331619263,0.4795568585395813,0.9987938404083252,0.713799238204956
0.44617658853530884,0.723088264465332,0.8512086272239685,0.4947393238544464
0.4711497724056244,0.7355749011039734,0.8333507776260376,0.48506712913513184
0.5441780090332031,0.7720890045166016,0.7743518352508545,0.4576265215873718
0.3151925802230835,0.6575962901115417,0.9271003603935242,0.5479181408882141
0.7405299544334412,0.870265007019043,0.5567110180854797,0.3899189829826355
0.11288195848464966,0.4435589909553528,0.9907887578010559,0.751180112361908
0.756659746170044,0.878329873085022,0.5341426134109497,0.3847392201423645
0.07384714484214783,0.5369235277175903,0.9960626363754272,0.6569051742553711
0.3914836645126343,0.30425816774368286,0.8864339590072632,0.9079253077507019
0.8631923794746399,0.9315961599349976,0.35993850231170654,0.351933091878891
0.616274356842041,0.19186283648014069,0.7053521275520325,1.0480258464813232
0.24468854069709778,0.6223442554473877,0.9563695192337036,0.5782684087753296
0.731829822063446,0.8659149408340454,0.5685360431671143,0.39273640513420105
0.5427079200744629,0.22864603996276855,0.7756435871124268,1.0008745193481445
0.23733091354370117,0.6186654567718506,0.9589791297912598,0.5815060138702393
0.1981750726699829,0.40091246366500854,0.9714818000793457,0.7971358299255371
0.4312082529067993,0.7156041264533997,0.8613715171813965,0.5006077289581299
0.4438245892524719,0.2780877351760864,0.8528320789337158,0.939482569694519
0.8901641368865967,0.9450820684432983,0.3069314956665039,0.34400689601898193
0.8294909000396729,0.9147454500198364,0.4204285144805908,0.3620503842830658
0.8958964943885803,0.9479482173919678,0.2950495481491089,0.3423417806625366
0.6774418354034424,0.8387209177017212,0.6373608112335205,0.41072767972946167
0.24551695585250854,0.6227585077285767,0.9560704231262207,0.5779046416282654
0.6123132705688477,0.8061566352844238,0.7094426155090332,0.43314215540885925
0.3198729455471039,0.6599364280700684,0.9248794913291931,0.5459464192390442
0.8338867425918579,0.916943371295929,0.41285887360572815,0.36071720719337463
0.03597843647003174,0.5179892182350159,0.9990660548210144,0.6753197908401489
0.060087651014328,0.5300438404083252,0.9973939657211304,0.6635546088218689
0.7742942571640015,0.8871471285820007,0.508461594581604,0.3791410028934479
0.03385862708091736,0.5169293284416199,0.9991728067398071,0.6763611435890198
0.9038794636726379,0.9519397020339966,0.27809926867485046,0.3400340676307678
0.8914049863815308,0.9457024931907654,0.30437931418418884,0.3436459004878998
0.13119232654571533,0.5655961632728577,0.9875487089157104,0.6297008991241455
0.7718287110328674,0.8859143853187561,0.512117862701416,0.3799196779727936
0.8274856805801392,0.9137428402900696,0.42385175824165344,0.36265990138053894
0.4631557762622833,0.26842209696769714,0.8391913771629333,0.9513029456138611
0.8766617774963379,0.938330888748169,0.33403530716896057,0.34795597195625305
0.06612572073936462,0.4669371545314789,0.9968435764312744,0.7267565727233887
0.6783936023712158,0.8391968011856079,0.6362276077270508,0.4104072153568268
0.8198305368423462,0.9099152684211731,0.4367524981498718,0.36499467492103577
0.44720160961151123,0.7236008048057556,0.8504979610443115,0.4943394958972931
0.7493826150894165,0.8746913075447083,0.5444304347038269,0.38706910610198975
0.04497033357620239,0.4775148034095764,0.9985407590866089,0.7158851027488708
0.5310758948326111,0.7655379772186279,0.7857089042663574,0.4624577462673187
0.18881642818450928,0.5944082140922546,0.9741277694702148,0.6031888723373413
0.46765628457069397,0.7338281273841858,0.8359177112579346,0.48641133308410645
0.7251160740852356,0.8625580072402954,0.5775001645088196,0.39492201805114746
0.45685118436813354,0.7284255623817444,0.843714714050293,0.49058693647384644
0.19209551811218262,0.5960477590560913,0.9732155799865723,0.6017048954963684
0.03017333149909973,0.4849133789539337,0.9993431568145752,0.7083476781845093
0.7963168025016785,0.8981583714485168,0.4748062491416931,0.3722440004348755
0.027636289596557617,0.5138181447982788,0.9994490146636963,0.6794244647026062
0.422254353761673,0.7111271619796753,0.867260754108429,0.5041437149047852
0.43729791045188904,0.7186489701271057,0.85728520154953,0.49821382761001587
0.05396544933319092,0.47301727533340454,0.9978981614112854,0.7204939126968384
0.40959683060646057,0.7047984004020691,0.8753460645675659,0.5091749429702759
0.7632589340209961,0.881629467010498,0.5246587991714478,0.3826363682746887
0.5616834163665771,0.7808417081832886,0.7586275339126587,0.45123380422592163
0.7315177917480469,0.8657588958740234,0.568955659866333,0.3928377330303192
0.5898172855377197,0.7949086427688599,0.7319946885108948,0.44110801815986633
0.020556509494781494,0.48972171545028687,0.9996951818466187,0.7034782767295837
0.7883427143096924,0.8941713571548462,0.48720425367355347,0.37472930550575256
0.3933037221431732,0.6966518759727478,0.8853452205657959,0.5157079696655273
0.009314268827438354,0.5046571493148804,0.9999374151229858,0.6885008811950684
0.7498913407325745,0.8749456405639648,0.5437169075012207,0.38690581917762756
0.7232521772384644,0.13837392628192902,0.5799643397331238,1.118782639503479
0.9287459850311279,0.964372992515564,0.22186967730522156,0.33292943239212036
0.5352799892425537,0.23235997557640076,0.7821027040481567,0.9961831569671631
0.5576143860816956,0.7788072228431702,0.7623395919799805,0.45271340012550354
0.03997516632080078,0.4800124168395996,0.9988469481468201,0.7133345007896423
0.41288819909095764,0.7064440846443176,0.8732704520225525,0.5078629851341248
0.40741610527038574,0.7037080526351929,0.8767108917236328,0.5100456476211548
0.053364574909210205,0.5266823172569275,0.997944712638855,0.6668208241462708
0.5201161503791809,0.7600580453872681,0.7949436902999878,0.4665297567844391
0.7092521786689758,0.8546260595321655,0.5981413722038269,0.40012556314468384
0.1561903953552246,0.5780951976776123,0.9823301434516907,0.6180983185768127
0.6843088865280151,0.8421544432640076,0.6291304230690002,0.4084199070930481
0.0961354672908783,0.45193228125572205,0.9933229684829712,0.7423696517944336
0.5530966520309448,0.7765483260154724,0.7664202451705933,0.4543606638908386
0.08388900756835938,0.4580554962158203,0.994917631149292,0.7359710931777954
0.0946885347366333,0.45265573263168335,0.9935227632522583,0.7416117787361145
0.18376415967941284,0.40811794996261597,0.9755016565322876,0.789244532585144
0.5897692441940308,0.7948846220970154,0.732041597366333,0.44112518429756165
0.18689751625061035,0.5934487581253052,0.9746540784835815,0.6040584444999695
0.11553040146827698,0.5577651858329773,0.9903504848480225,0.6370494365692139
0.1616918444633484,0.5808458924293518,0.98105788230896,0.6155657172203064
0.7004045248031616,0.8502022624015808,0.6093339323997498,0.40305185317993164
0.10541585087776184,0.4472920596599579,0.991969108581543,0.7472435235977173
0.403043270111084,0.298478364944458,0.8794229030609131,0.9148383736610413
0.6816043853759766,0.8408021926879883,0.6323870420455933,0.4093274772167206
0.09549513459205627,0.45225241780281067,0.9934117197990417,0.7420341968536377
0.7379108667373657,0.8689554333686829,0.5602959394454956,0.3907654285430908
0.43093568086624146,0.7154678702354431,0.8615529537200928,0.5007150769233704
0.0027156472206115723,0.4986422061920166,0.9999946355819702,0.6945059299468994
0.557494580745697,0.2212526798248291,0.7624483108520508,1.010251522064209
0.3958721458911896,0.302063912153244,0.8837991952896118,0.9105459451675415
0.6370084285736084,0.8185042142868042,0.6833383440971375,0.42453038692474365
0.6961421966552734,0.8480710983276367,0.6146463751792908,0.40446779131889343
0.3756508529186249,0.6878254413604736,0.8956676721572876,0.522858202457428
0.47953808307647705,0.7397690415382385,0.8270946741104126,0.4818514883518219
0.611724853515625,0.8058624267578125,0.7100471258163452,0.43334898352622986
0.6791977882385254,0.8395988941192627,0.6352682709693909,0.41013655066490173
0.7423238158226013,0.871161937713623,0.5542430281639099,0.3893401324748993
0.47444045543670654,0.7372202277183533,0.830912172794342,0.4838036894798279
0.3718121349811554,0.6859060525894165,0.8978428840637207,0.5244230031967163
0.8847214579582214,0.9423607587814331,0.31800153851509094,0.345594197511673
0.1805889904499054,0.4097055494785309,0.9763455390930176,0.7875126600265503
0.05947020649909973,0.47026488184928894,0.9974473118782043,0.7233242988586426
0.49345630407333374,0.25327181816101074,0.8164228200912476,0.9700088500976562
0.8276587128639221,0.9138293266296387,0.42355701327323914,0.36260733008384705
0.585155189037323,0.7925776243209839,0.7365267872810364,0.44277340173721313
0.1662014126777649,0.41689926385879517,0.979981541633606,0.7796968221664429
0.7039244174957275,0.8519622087478638,0.6049079895019531,0.40188559889793396
0.6683868169784546,0.8341934084892273,0.6480215191841125,0.4137868881225586
0.4911336302757263,0.7455668449401855,0.8182291984558105,0.47743362188339233
0.6180176734924316,0.8090088367462158,0.7035402655601501,0.43114063143730164
0.6862389445304871,0.8431195020675659,0.6267942786216736,0.4077731966972351
0.49749094247817993,0.7487454414367676,0.8132604956626892,0.4750249981880188
0.052297621965408325,0.47385117411613464,0.9980261921882629,0.7196378707885742
0.4550739526748657,0.7275369763374329,0.8449767827987671,0.49127641320228577
0.050838738679885864,0.5254193544387817,0.9981348514556885,0.6680508852005005
0.7148059606552124,0.8574029803276062,0.5910000205039978,0.3982974886894226
0.7117170095443726,0.8558585047721863,0.5949831008911133,0.39931339025497437
0.6771126985549927,0.8385563492774963,0.637752115726471,0.4108385741710663
0.4861299991607666,0.7430649995803833,0.822085976600647,0.479336142539978
0.8362265229225159,0.9181132316589355,0.4087925851345062,0.36000925302505493
0.737282395362854,0.868641197681427,0.561152994632721,0.3909687101840973
0.27621445059776306,0.6381072402000427,0.9442430734634399,0.5645466446876526
0.4504484534263611,0.7252242565155029,0.8482344150543213,0.49307432770729065
0.7826103568077087,0.8913052082061768,0.4959665536880493,0.3765243589878082
0.464000403881073,0.7320001721382141,0.8385798931121826,0.4878210127353668
0.18844902515411377,0.4057754874229431,0.9742289781570435,0.791804313659668
0.03609400987625122,0.4819530248641968,0.9990600347518921,0.7113569974899292
0.5057520270347595,0.7528760433197021,0.8066878318786621,0.4719092547893524
0.5204689502716064,0.7602344751358032,0.794650137424469,0.46639829874038696
0.7845991253852844,0.8922995328903198,0.4929405450820923,0.3759007751941681
0.6059126853942871,0.8029563426971436,0.7159758806228638,0.43539687991142273
0.7837533950805664,0.8918766975402832,0.4942292273044586,0.37616580724716187
0.5535100698471069,0.7767550349235535,0.7660485506057739,0.45420974493026733
0.7646346092224121,0.882317304611206,0.5226629376411438,0.38219916820526123
0.4312988817691803,0.715649425983429,0.8613112568855286,0.5005720257759094
0.7460817098617554,0.8730408549308777,0.5490391850471497,0.38812971115112305
0.5711795091629028,0.7855897545814514,0.7498286366462708,0.4477955996990204
0.16293865442276,0.5814693570137024,0.98076331615448,0.6149927973747253
0.8393163681030273,0.9196581840515137,0.4033823609352112,0.3590760827064514
0.38421159982681274,0.692105770111084,0.8907277584075928,0.5193813443183899
0.8050890564918518,0.9025444984436035,0.46087729930877686,0.369525671005249
0.8362536430358887,0.9181268215179443,0.40874534845352173,0.3600010275840759
0.9102297425270081,0.9551149010658264,0.2642585039138794,0.3382076621055603
0.31787875294685364,0.6589393615722656,0.9258300065994263,0.5467857718467712
0.5962651968002319,0.798132598400116,0.7256472110748291,0.4388129413127899
0.09170734882354736,0.5458536744117737,0.9939247965812683,0.6483443975448608
0.8635427355766296,0.9317713379859924,0.35927820205688477,0.3518291115760803
0.5450806021690369,0.772540271282196,0.7735565900802612,0.45729517936706543
0.2704108655452728,0.3647945821285248,0.9465911388397217,0.8374651670455933
0.7679965496063232,0.8839982748031616,0.5177576541900635,0.3811325132846832
0.007476717233657837,0.5037383437156677,0.9999596476554871,0.6894157528877258
0.05740147829055786,0.5287007093429565,0.9976218938827515,0.6648582816123962
0.4182700514793396,0.2908650040626526,0.8698359727859497,0.9239934086799622
0.6096770167350769,0.8048384785652161,0.7121448516845703,0.4340696632862091
0.22667860984802246,0.6133393049240112,0.9626107215881348,0.5862171053886414
0.44520124793052673,0.2773993909358978,0.8518829941749573,0.9403213858604431
0.3215964138507843,0.33920177817344666,0.9240528345108032,0.8668180704116821
0.34676602482795715,0.32661697268486023,0.9114325642585754,0.8814862966537476
0.6167176961898804,0.8083588480949402,0.7048920392990112,0.431596040725708
0.44909754395484924,0.7245487570762634,0.8491785526275635,0.49360042810440063
0.1345633566379547,0.43271830677986145,0.98689866065979,0.7626906633377075
0.524059534072876,0.23797021806240082,0.7916485071182251,0.9891209602355957
0.7219173312187195,0.8609586954116821,0.581722617149353,0.39596667885780334
0.49670472741127014,0.7483523488044739,0.813879132270813,0.4753223657608032
0.8102452754974365,0.9051226377487183,0.4525436460971832,0.3679355978965759
0.09475070238113403,0.4526246190071106,0.9935142993927002,0.7416443228721619
0.08225855231285095,0.5411292910575867,0.9951134920120239,0.6528635025024414
0.3126523494720459,0.656326174736023,0.9282909631729126,0.5489904880523682
0.2821756601333618,0.3589121699333191,0.9417765140533447,0.8441550731658936
0.014374077320098877,0.49281299114227295,0.9998509287834167,0.7003600597381592
0.1307033896446228,0.4346482753753662,0.9876416325569153,0.7606327533721924
0.3849315941333771,0.30753418803215027,0.8903065919876099,0.9040212631225586
0.4963497221469879,0.25182512402534485,0.8141580820083618,0.9718064069747925
0.52397620677948,0.2380119115114212,0.7917184829711914,0.9890686273574829
0.161746084690094,0.5808730125427246,0.981045126914978,0.6155408620834351
0.031239807605743408,0.5156199336051941,0.9992958903312683,0.6776492595672607
0.7426403760910034,0.8713201880455017,0.5538064241409302,0.38923802971839905
0.43475785851478577,0.2826210558414459,0.8589977025985718,0.9339691400527954
0.6463416814804077,0.8231708407402039,0.6730909943580627,0.4213116466999054
0.8806159496307373,0.9403079748153687,0.32622116804122925,0.34679558873176575
0.2176959216594696,0.3911520540714264,0.9655389785766602,0.8079073429107666
0.13482269644737244,0.5674113035202026,0.986847996711731,0.6280062794685364
0.8967767357826233,0.948388397693634,0.2932039499282837,0.3420866131782532
0.3898492455482483,0.6949245929718018,0.8874068260192871,0.5171012878417969
0.2593478858470917,0.6296738982200623,0.9509221315383911,0.5718574523925781
0.05905577540397644,0.470472127199173,0.9974827766418457,0.7231109142303467
0.7541366815567017,0.8770683407783508,0.5377295613288879,0.3855457305908203
0.24806496500968933,0.6240324974060059,0.9551441669464111,0.5767870545387268
0.49683091044425964,0.748415470123291,0.813779890537262,0.4752746522426605
0.5412356853485107,0.22938214242458344,0.7769327163696289,0.9999436140060425
0.3352297246456146,0.6676148772239685,0.9173446893692017,0.5395143628120422
0.8178771734237671,0.9089385867118835,0.4400027394294739,0.3655923902988434
0.026215553283691406,0.5131077766418457,0.9995042085647583,0.68012535572052
0.4871712028980255,0.7435856461524963,0.8212872743606567,0.4789396822452545
0.6755406856536865,0.8377703428268433,0.6396169662475586,0.4113684594631195
0.8707267045974731,0.9353633522987366,0.34558218717575073,0.34970372915267944
0.6996459364891052,0.849822998046875,0.6102831363677979,0.40330350399017334
0.08384129405021667,0.5419206619262695,0.99492347240448,0.652104914188385
0.7250481247901917,0.8625240325927734,0.5775901675224304,0.3949441611766815
0.23320579528808594,0.616602897644043,0.9604060053825378,0.5833269953727722
0.21862280368804932,0.6093114018440247,0.9652425050735474,0.5897984504699707
0.9014853835105896,0.9507426619529724,0.2832335829734802,0.34072473645210266
0.016059517860412598,0.4919702410697937,0.9998139142990112,0.7012091875076294
0.7828119397163391,0.8914059996604919,0.49566054344177246,0.3764610290527344
0.6591693162918091,0.8295846581459045,0.6586540341377258,0.4169197976589203
0.37486258149147034,0.687431275844574,0.8961163759231567,0.5231791734695435
0.7708960175514221,0.8854480385780334,0.5134952664375305,0.38021454215049744
0.07222279906272888,0.46388861536979675,0.9962340593338013,0.7299104928970337
0.9045202732086182,0.9522601366043091,0.27671733498573303,0.33984941244125366
0.8272841572761536,0.9136420488357544,0.4241947829723358,0.36272120475769043
0.2472161054611206,0.6236080527305603,0.9554538726806641,0.5771592259407043
0.8097886443138123,0.9048942923545837,0.4532861113548279,0.3680762052536011
0.3177102506160736,0.658855140209198,0.9259099960327148,0.5468568801879883
0.023186057806015015,0.4884069263935089,0.9996122717857361,0.7048074007034302
0.5271260142326355,0.7635630369186401,0.7890647649765015,0.4639221429824829
0.16958793997764587,0.5847939848899841,0.9791533946990967,0.6119439005851746
0.7703558206558228,0.8851779103279114,0.5142916440963745,0.3803854286670685
0.5969890356063843,0.7984945178031921,0.7249288558959961,0.43855586647987366
0.24594643712043762,0.37702676653862,0.9559149742126465,0.8236626386642456
0.31695762276649475,0.6584787964820862,0.9262670278549194,0.5471739172935486
0.05498558282852173,0.47250717878341675,0.9978179931640625,0.7210178971290588
0.45271459221839905,0.7263572812080383,0.8466432094573975,0.4921928346157074
0.7302067875862122,0.8651033639907837,0.5707158446311951,0.39326390624046326
0.47620463371276855,0.7381023168563843,0.8295965194702148,0.4831274151802063
0.029426157474517822,0.4852869510650635,0.9993752241134644,0.7079684734344482
0.1489105224609375,0.5744552612304688,0.9839450120925903,0.6214611530303955
0.6188069581985474,0.8094034790992737,0.702717661857605,0.43086421489715576
0.21043157577514648,0.39478421211242676,0.9678176641464233,0.8038880228996277
0.5954906940460205,0.7977453470230103,0.7264145612716675,0.4390881061553955
0.6817108988761902,0.8408554792404175,0.6322591304779053,0.40929171442985535
0.14906197786331177,0.5745309591293335,0.9839121699333191,0.6213910579681396
0.45345044136047363,0.7267252206802368,0.8461245894432068,0.4919068515300751
0.0010573267936706543,0.5005286335945129,0.9999991655349731,0.6926186680793762
0.2880377471446991,0.35598114132881165,0.9392966032028198,0.8475010395050049
0.3037455379962921,0.6518728137016296,0.9323843717575073,0.552763044834137
0.7829089760780334,0.8914544582366943,0.4955131411552429,0.37643060088157654
0.7340347170829773,0.867017388343811,0.5655617117881775,0.3920208215713501
0.903744637966156,0.9518722891807556,0.27838951349258423,0.3400729298591614
0.3831782341003418,0.3084108829498291,0.8913305401802063,0.9029783010482788
0.08334934711456299,0.4583253264427185,0.994982898235321,0.7356899976730347
0.46855220198631287,0.7342761158943176,0.8352615833282471,0.4860662817955017
0.4403783082962036,0.2798108458518982,0.8551929593086243,0.9373846054077148
0.01779872179031372,0.5088993310928345,0.9997714757919312,0.6842873692512512
0.09404641389846802,0.5470232367515564,0.9936103820800781,0.6472291946411133
0.3794494569301605,0.6897247433662415,0.8934909105300903,0.5213131904602051
0.4427911639213562,0.2786044478416443,0.8535422086715698,0.9388530850410461
0.4652825891971588,0.2673586905002594,0.8376489877700806,0.9526088237762451
0.6037365794181824,0.8018683195114136,0.7181757688522339,0.43616557121276855
0.6275790929794312,0.8137895464897156,0.6934764385223389,0.42780226469039917
0.4001075029373169,0.7000537514686584,0.8812252283096313,0.5129721164703369
0.013299435377120972,0.5066497325897217,0.9998724460601807,0.6865195631980896
0.02860701084136963,0.5143035054206848,0.999409556388855,0.6789459586143494
0.566157341003418,0.783078670501709,0.75450599193573,0.4496113359928131
0.19088080525398254,0.40455958247184753,0.973555326461792,0.7931350469589233
0.41384175419807434,0.706920862197876,0.8726656436920166,0.5074834227561951
0.4407407343387604,0.7203704118728638,0.8549456596374512,0.49686428904533386
0.12437355518341064,0.5621867775917053,0.9888126850128174,0.6328927874565125
0.8430925607681274,0.9215462803840637,0.3967071771621704,0.35793837904930115
0.1925528347492218,0.4037235677242279,0.9730870723724365,0.7940510511398315
0.7819992303848267,0.8909996151924133,0.49689343571662903,0.37671607732772827
0.25624164938926697,0.6281208395957947,0.9521040916442871,0.5732114315032959
0.7647834420204163,0.8823917508125305,0.5224466323852539,0.38215190172195435
0.05479225516319275,0.5273961424827576,0.997833251953125,0.6661262512207031
0.6501537561416626,0.8250768780708313,0.6688438653945923,0.4200025796890259
0.1321636438369751,0.43391817808151245,0.9873631596565247,0.7614108324050903
0.29528048634529114,0.35235974192619324,0.9361579418182373,0.851646900177002
0.3397683799266815,0.33011582493782043,0.9150446653366089,0.8773928880691528
0.0833565890789032,0.5416783094406128,0.9949820041656494,0.6523371338844299
0.2643066644668579,0.632153332233429,0.9490042924880981,0.5697008371353149
0.6490095257759094,0.8245047926902771,0.670122504234314,0.420395165681839
0.2997283935546875,0.35013580322265625,0.9341893196105957,0.854199230670929
0.2120276391506195,0.39398619532585144,0.9673238396644592,0.8047699928283691
0.2144995927810669,0.39275020360946655,0.9665514230728149,0.806137204170227
0.38761991262435913,0.3061900734901428,0.8887264132499695,0.9056218266487122
0.41802313923835754,0.7090115547180176,0.8699946403503418,0.5058213472366333
0.5232834815979004,0.7616417407989502,0.7922995090484619,0.4653501510620117
0.4401662349700928,0.7200831174850464,0.8553375005722046,0.49708932638168335
0.6829900741577148,0.8414950370788574,0.6307209730148315,0.40886229276657104
0.20418602228164673,0.397907018661499,0.969713032245636,0.8004426956176758
0.24985018372535706,0.6249250769615173,0.9544892311096191,0.5760050415992737
0.5849233865737915,0.7924616932868958,0.7367508411407471,0.44285622239112854
0.5202991962432861,0.7601495981216431,0.7947914600372314,0.46646156907081604
0.20157530903816223,0.6007876396179199,0.9704879522323608,0.5974299907684326
0.2863668203353882,0.3568165898323059,0.9400089383125305,0.846546471118927
0.8877963423728943,0.9438981413841248,0.3117721676826477,0.34469670057296753
0.3362732529640198,0.6681366562843323,0.9168187975883484,0.539079487323761
0.4763038754463196,0.7381519079208374,0.8295223712921143,0.48308929800987244
0.7381308674812317,0.8690654039382935,0.559995710849762,0.3906942903995514
0.4868238568305969,0.25658804178237915,0.8215539455413818,0.9658957719802856
0.2228696644306183,0.38856515288352966,0.9638673067092896,0.810778021812439
0.7813606262207031,0.8906803131103516,0.49786055088043213,0.3769166171550751
0.8217683434486389,0.9108841419219971,0.4335116744041443,0.3644024729728699
0.576796293258667,0.7883981466293335,0.7445335388183594,0.4457717537879944
0.31798383593559265,0.6589919328689575,0.9257800579071045,0.5467415452003479
0.27066001296043396,0.6353300213813782,0.9464914798736572,0.5669464468955994
0.44523942470550537,0.7226197123527527,0.8518567085266113,0.49510517716407776
0.8075220584869385,0.9037610292434692,0.45695871114730835,0.3687746524810791
0.7825986742973328,0.10870064795017242,0.4959843158721924,1.15912663936615
0.09475627541542053,0.5473781228065491,0.9935134649276733,0.6468909382820129
0.5019773244857788,0.2490113526582718,0.8097073435783386,0.9753082990646362
0.7167679071426392,0.8583839535713196,0.5884554982185364,0.39765334129333496
0.4653477072715759,0.7326738834381104,0.8376016020774841,0.48730117082595825
0.3518735468387604,0.675936758518219,0.9087454676628113,0.532608151435852
0.6836870908737183,0.8418435454368591,0.6298809051513672,0.4086284339427948
0.8383558988571167,0.9191779494285583,0.40506911277770996,0.35936591029167175
0.9083207249641418,0.9541603922843933,0.2684539556503296,0.33875587582588196
0.4747990369796753,0.26260048151016235,0.8306452035903931,0.9584651589393616
0.4305051863193512,0.7152525782585144,0.8618391156196594,0.5008847117424011
0.016686826944351196,0.5083433985710144,0.9997991323471069,0.6848385334014893
0.769472062587738,0.8847360610961914,0.5155922770500183,0.3806651532649994
0.6244087219238281,0.8122043609619141,0.6968372464179993,0.4289068579673767
0.7465256452560425,0.8732628226280212,0.5484214425086975,0.3879869878292084
0.42849376797676086,0.7142468690872192,0.8631719350814819,0.5016777515411377
0.6571425795555115,0.8285712599754333,0.6609626412391663,0.4176112711429596
0.6588267683982849,0.8294133543968201,0.6590449213981628,0.41703662276268005
0.4573000371456146,0.7286500334739685,0.8433951139450073,0.4904129207134247
0.4870084226131439,0.7435042262077332,0.8214123249053955,0.4790017008781433
0.1438409686088562,0.5719204545021057,0.9850233197212219,0.6238107681274414
0.12251219153404236,0.5612561106681824,0.9891458749771118,0.6337660551071167
0.12432447075843811,0.43783774971961975,0.9888215661048889,0.7572401762008667
0.5972113013267517,0.7986056208610535,0.724708080291748,0.4384769797325134
0.051172494888305664,0.5255862474441528,0.9981102347373962,0.6678882241249084
0.838417649269104,0.08079119026660919,0.40496087074279785,1.1977648735046387
0.4150117039680481,0.7075058221817017,0.8719213008880615,0.5070179104804993
0.14447960257530212,0.5722398161888123,0.9848895072937012,0.6235144138336182
0.47023847699165344,0.7351192235946655,0.8340225219726562,0.48541751503944397
0.4166129529476166,0.7083064317703247,0.8708988428115845,0.5063813924789429
0.20173051953315735,0.6008653044700623,0.9704421162605286,0.5973601937294006
0.6484102010726929,0.8242051005363464,0.6707908511161804,0.42060089111328125
0.5211186408996582,0.7605593204498291,0.7941089868545532,0.46615615487098694
0.10671401023864746,0.5533570051193237,0.9917696714401245,0.6412129998207092
0.798196017742157,0.8990980386734009,0.4718483090400696,0.3716602623462677
0.022922754287719727,0.5114613771438599,0.9996209144592285,0.6817514896392822
0.7721001505851746,0.8860500454902649,0.511716365814209,0.3798339068889618
0.07285541296005249,0.46357226371765137,0.996167778968811,0.7302381992340088
0.2946455478668213,0.35267722606658936,0.9364363551139832,0.8512829542160034
0.010673284530639648,0.5053366422653198,0.9999178647994995,0.6878247857093811
0.040679216384887695,0.47966039180755615,0.9988059997558594,0.7136936783790588
0.037686944007873535,0.48115652799606323,0.9989752769470215,0.7121681571006775
0.5270694494247437,0.23646526038646698,0.7891125679016113,0.9910125732421875
0.8860130310058594,0.9430065155029297,0.31539273262023926,0.3452169597148895
0.1621638834476471,0.5810819268226624,0.9809466600418091,0.6153488159179688
0.31879642605781555,0.34060177206993103,0.9253934621810913,0.8651958703994751
0.695454478263855,0.8477272391319275,0.6154987812042236,0.40469661355018616
0.13194489479064941,0.4340275526046753,0.9874050617218018,0.7612942457199097
0.6892598867416382,0.8446299433708191,0.6231172680854797,0.4067625403404236
0.5933435559272766,0.7966717481613159,0.7285348176956177,0.43985164165496826
0.2656797170639038,0.3671601414680481,0.9484665393829346,0.8347844481468201
0.27002474665641785,0.6350123882293701,0.9467455744743347,0.5672214031219482
0.3490062654018402,0.3254968822002411,0.9102592468261719,0.8827993869781494
0.3812628388404846,0.6906313896179199,0.8924432992935181,0.5205769538879395
0.022966474294662476,0.5114832520484924,0.9996194839477539,0.6817298531532288
0.8901813626289368,0.9450907111167908,0.30689626932144165,0.3440019190311432
0.4031080901622772,0.7015540599822998,0.8793829083442688,0.5117690563201904
0.2429560124874115,0.6214779615402222,0.9569915533065796,0.5790295600891113
0.34125253558158875,0.6706262826919556,0.9142851829528809,0.5370074510574341
0.2911253571510315,0.6455626487731934,0.9379687309265137,0.5581415295600891
0.560204267501831,0.7801021337509155,0.7599809765815735,0.4517711400985718
0.7056075930595398,0.8528038263320923,0.6027790904045105,0.4013288915157318
0.21175384521484375,0.3941230773925781,0.9674088358879089,0.8046185970306396
0.8156225085258484,0.9078112244606018,0.44373369216918945,0.3662833273410797
0.5510981678962708,0.22445088624954224,0.7682119011878967,1.006188988685608
0.8299322128295898,0.9149661064147949,0.4196726083755493,0.36191633343696594
0.06383010745048523,0.5319150686264038,0.9970589876174927,0.661741316318512
0.22027266025543213,0.38986366987228394,0.9647115468978882,0.809336245059967
0.29950371384620667,0.3502481281757355,0.9342895150184631,0.8540701866149902
0.6698040962219238,0.8349020481109619,0.6463671922683716,0.41330686211586
0.5809192061424255,0.7904596328735352,0.7406032681465149,0.44429078698158264
0.7974196672439575,0.8987098336219788,0.47307202219963074,0.37190133333206177
0.5321473479270935,0.7660737037658691,0.7847931981086731,0.46206116676330566
0.027122825384140015,0.4864386022090912,0.9994692802429199,0.7068005800247192
0.8517014980316162,0.9258507490158081,0.38122040033340454,0.3553558886051178
0.24442723393440247,0.62221360206604,0.9564635753631592,0.5783831477165222
0.7660902738571167,0.8830451369285583,0.5205439329147339,0.38173702359199524
0.45097121596336365,0.725485622882843,0.8478682041168213,0.49287089705467224
0.09489172697067261,0.5474458336830139,0.9934949278831482,0.646826446056366
0.2691490054130554,0.6345745325088501,0.9470947980880737,0.5676006078720093
0.4221350848674774,0.7110675573348999,0.8673381805419922,0.504190981388092
0.4452251195907593,0.7226125597953796,0.8518665432929993,0.4951108396053314
0.17021909356117249,0.585109531879425,0.9789972305297852,0.611655056476593
0.0024088919162750244,0.49879559874534607,0.999995768070221,0.694352388381958
0.049973487854003906,0.47501325607299805,0.9981977939605713,0.7184460163116455
0.5333086252212524,0.7666543126106262,0.7837982177734375,0.4616316556930542
0.6233590841293335,0.18832048773765564,0.6979447603225708,1.0526320934295654
0.8869116306304932,0.9434558153152466,0.3135710656642914,0.3449547588825226
0.4889620840549469,0.7444810271263123,0.819908857345581,0.4782586097717285
0.43713483214378357,0.718567430973053,0.8573955297470093,0.49827778339385986
0.6646824479103088,0.8323412537574768,0.652320921421051,0.4150436520576477
0.35625937581062317,0.3218702971935272,0.9064037799835205,0.8870587348937988
0.8030370473861694,0.9015185236930847,0.4641633629798889,0.3701600432395935
0.2782362401485443,0.6391181349754333,0.9434127807617188,0.5636749863624573
0.31590116024017334,0.6579505801200867,0.9267663955688477,0.5476192235946655
0.37043869495391846,0.6852193474769592,0.8986150622367859,0.5249837636947632
0.6275709271430969,0.8137854933738708,0.6934850811958313,0.4278051257133484
0.2820097506046295,0.6410049200057983,0.9418458938598633,0.5620507001876831
0.17269223928451538,0.5863461494445801,0.9783792495727539,0.6105242967605591
0.825230062007904,0.9126150608062744,0.42768043279647827,0.36334657669067383
0.6989532113075256,0.15052340924739838,0.6111485362052917,1.1024867296218872
0.22103920578956604,0.38948044180870056,0.9644633531570435,0.8097617626190186
0.24921610951423645,0.3753919303417206,0.9547224044799805,0.8254988193511963
0.18440282344818115,0.5922014117240906,0.975330114364624,0.6051902770996094
0.6266318559646606,0.8133159279823303,0.6944829821586609,0.428132027387619
0.3886048495769501,0.6943024396896362,0.8881444931030273,0.517603874206543
0.47467952966690063,0.7373397350311279,0.8307342529296875,0.48371198773384094
0.3414076268672943,0.6707038283348083,0.9142056703567505,0.5369430780410767
0.10876241326332092,0.5543811917304993,0.9914500713348389,0.6402439475059509
0.19821098446846008,0.5991054773330688,0.9714714288711548,0.5989446640014648
0.08012622594833374,0.45993685722351074,0.9953638315200806,0.7340126037597656
0.45939207077026367,0.7296960353851318,0.8419004678726196,0.48960256576538086
0.27629587054252625,0.6381479501724243,0.9442098140716553,0.5645114779472351
0.637480616569519,0.8187403082847595,0.6828250288963318,0.42436710000038147
0.7529904842376709,0.12350475043058395,0.5393519401550293,1.1389031410217285
0.15403339266777039,0.5770167112350464,0.9828166961669922,0.6190933585166931
0.013438552618026733,0.5067192912101746,0.999869704246521,0.6864505410194397
0.7322734594345093,0.13386328518390656,0.5679388642311096,1.1248658895492554
0.20075273513793945,0.6003763675689697,0.9707299470901489,0.5978001356124878
0.6620005369186401,0.8310002684593201,0.6554114818572998,0.41595545411109924
0.5084948539733887,0.7542474269866943,0.8044763803482056,0.47087833285331726
0.7597233057022095,0.8798616528511047,0.5297583937644958,0.38376185297966003
0.840643584728241,0.9203218221664429,0.4010443687438965,0.35867583751678467
0.8096519112586975,0.9048259854316711,0.45350831747055054,0.3681182563304901
0.609176754951477,0.8045883774757385,0.7126559019088745,0.43424591422080994
0.12662771344184875,0.5633138418197632,0.9884023666381836,0.6318362951278687
0.3398979902267456,0.6699489951133728,0.9149785041809082,0.537570595741272
0.4402942359447479,0.7201471328735352,0.8552502393722534,0.49703922867774963
0.6213473677635193,0.8106736540794373,0.7000600099563599,0.4299756586551666
0.7708628177642822,0.8854314088821411,0.5135442614555359,0.3802250325679779
0.4032551944255829,0.29837241768836975,0.8792922496795654,0.9149653911590576
0.5002856850624084,0.7501428127288818,0.8110517263412476,0.47396910190582275
0.7624249458312988,0.8812124729156494,0.5258655548095703,0.38290154933929443
0.4827166795730591,0.25864166021347046,0.8246896266937256,0.9633539915084839
0.6223504543304443,0.8111752271652222,0.6990064978599548,0.4296252429485321
0.029577255249023438,0.5147886276245117,0.9993688464164734,0.6784679293632507
0.08573514223098755,0.4571324586868286,0.9946911334991455,0.7369333505630493
0.6717787384986877,0.8358893990516663,0.6440533995628357,0.41263875365257263
0.47643354535102844,0.738216757774353,0.8294253945350647,0.4830396771430969
0.3142715394496918,0.6571357846260071,0.9275332689285278,0.5483067631721497
0.41771113872528076,0.2911444306373596,0.8701950311660767,0.9236563444137573
0.6887719631195068,0.8443859815597534,0.6237128973007202,0.40692561864852905
0.13792112469673157,0.4310394823551178,0.9862345457077026,0.7644836902618408
0.6402796506881714,0.8201398253440857,0.6797710657119751,0.4233999252319336
0.8353379964828491,0.9176689982414246,0.4103397727012634,0.3602779507637024
0.4347284138202667,0.28263577818870544,0.8590174913406372,0.9339512586593628
0.47278010845184326,0.7363900542259216,0.832145094871521,0.4844408929347992
0.11291497945785522,0.55645751953125,0.9907832741737366,0.6382825970649719
0.4631570875644684,0.731578528881073,0.8391904234886169,0.48814666271209717
0.06494957208633423,0.5324748158454895,0.9969547986984253,0.6611996293067932
0.023713380098342896,0.48814329504966736,0.9995943307876587,0.7050741910934448
0.7368671298027039,0.8684335947036743,0.5617185831069946,0.3911031186580658
0.1692686676979065,0.41536563634872437,0.9792321920394897,0.7813587188720703
0.4866989850997925,0.7433494925498962,0.8216497898101807,0.4791194796562195
0.42020997405052185,0.28989502787590027,0.8685855865478516,0.925163745880127
0.31861910223960876,0.3406904637813568,0.9254778623580933,0.8650932312011719
0.10188350081443787,0.5509417057037354,0.9924992322921753,0.643502414226532
0.6447536945343018,0.8223768472671509,0.6748497486114502,0.4218578338623047
0.31558695435523987,0.6577934622764587,0.9269145727157593,0.5477517247200012
0.4850388467311859,0.7425194382667542,0.8229206800460815,0.4797517657279968
0.47891050577163696,0.7394552230834961,0.8275673389434814,0.48209148645401
0.16390284895896912,0.5819514393806458,0.9805339574813843,0.6145500540733337
0.659489631652832,0.1702551692724228,0.6582881808280945,1.0763001441955566
0.7116254568099976,0.8558127284049988,0.5951007008552551,0.3993435204029083
0.5151094198226929,0.7575547099113464,0.7990831136703491,0.46839937567710876
0.3877694010734558,0.6938846707344055,0.8886382579803467,0.5179415345191956
0.06352663040161133,0.5317633152008057,0.9970869421958923,0.6618882417678833
0.7165597677230835,0.8582798838615417,0.5887259840965271,0.39772164821624756
0.5759205222129822,0.7879602909088135,0.7453635931015015,0.4460868835449219
0.0911702811717987,0.45441481471061707,0.9939959049224854,0.7397710084915161
0.2348465919494629,0.6174232959747314,0.9598415493965149,0.5826022028923035
0.20856055617332458,0.6042802929878235,0.9683916568756104,0.5942942500114441
0.0887821614742279,0.5443910956382751,0.9943066835403442,0.6497410535812378
0.7286708950996399,0.8643354177474976,0.5727710723876953,0.3937635123729706
0.04007849097251892,0.5200392603874207,0.9988410472869873,0.6733087301254272
0.08647817373275757,0.5432391166687012,0.9945986270904541,0.6508426070213318
0.7814863920211792,0.8907431960105896,0.49767014384269714,0.3768771290779114
0.41861221194267273,0.7093061208724976,0.869615912437439,0.5055874586105347
0.49839407205581665,0.25080299377441406,0.8125482797622681,0.9730777144432068
0.5578249096870422,0.7789124250411987,0.762148380279541,0.4526366889476776
0.6821046471595764,0.15894769132137299,0.6317861080169678,1.0912641286849976
0.06997382640838623,0.5349869132041931,0.9964652061462402,0.6587721705436707
0.6919196844100952,0.8459598422050476,0.6198590397834778,0.40587446093559265
0.8483214974403381,0.9241607189178467,0.387346088886261,0.3563680052757263
0.2652934193611145,0.36735326051712036,0.9486181735992432,0.8345658183097839
0.33664557337760925,0.6683228015899658,0.916630744934082,0.5389242768287659
0.6682778596878052,0.8341389298439026,0.6481485366821289,0.41382384300231934
0.4421546161174774,0.7210773229598999,0.8539787530899048,0.4963109493255615
0.01748904585838318,0.4912554919719696,0.9997793436050415,0.7019299268722534
0.7694311738014221,0.8847156167030334,0.5156524181365967,0.38067811727523804
0.7362396717071533,0.13188017904758453,0.5625721216201782,1.127545952796936
0.05948004126548767,0.47025999426841736,0.9974464178085327,0.7233293056488037
0.14068755507469177,0.5703437328338623,0.9856749773025513,0.6252754926681519
0.5635755658149719,0.7817878127098083,0.7568895816802979,0.4505469799041748
0.5387581586837769,0.7693790793418884,0.7790921926498413,0.4596201479434967
0.6591687202453613,0.8295843601226807,0.6586546897888184,0.4169200360774994
0.3987444341182709,0.6993722319602966,0.8820569515228271,0.513519287109375
0.43944546580314636,0.7197227478027344,0.8558282852172852,0.49737173318862915
0.45104703307151794,0.2744764983654022,0.8478150367736816,0.9438884258270264
0.4837331175804138,0.7418665885925293,0.8239166140556335,0.4802495539188385
0.6897841095924377,0.8448920845985413,0.6224766969680786,0.4065874218940735
0.16771146655082703,0.4161442816257477,0.9796143174171448,0.7805147171020508
0.7998969554901123,0.8999484777450562,0.46915894746780396,0.37113261222839355
0.09016665816307068,0.45491668581962585,0.9941273927688599,0.7392463684082031
0.15400844812393188,0.5770041942596436,0.9828224182128906,0.6191048622131348
0.8345992565155029,0.9172996282577515,0.4116232991218567,0.3605014979839325
0.3432350158691406,0.3283824920654297,0.9132652282714844,0.8794192671775818
0.6088818311691284,0.8044409155845642,0.7129568457603455,0.43434974551200867
0.20445337891578674,0.6022266745567322,0.9696332216262817,0.5961365699768066
0.7721694111824036,0.8860846757888794,0.5116139054298401,0.37981197237968445
0.6601435542106628,0.830071747303009,0.6575405597686768,0.41658779978752136
0.1079092025756836,0.5539546012878418,0.9915839433670044,0.6406474113464355
0.5730133056640625,0.7865066528320312,0.7481073141098022,0.4471340775489807
0.05125546455383301,0.4743722677230835,0.9981040954589844,0.7191032767295837
0.05045655369758606,0.4747717082500458,0.9981627464294434,0.7186936140060425
0.8081961274147034,0.9040980935096741,0.45586881041526794,0.3685668706893921
0.5014859437942505,0.7507429718971252,0.81009840965271,0.47351622581481934
0.9043681025505066,0.9521840214729309,0.2770458161830902,0.3398931920528412
0.8188976645469666,0.9094488620758057,0.43830686807632446,0.36528006196022034
0.7092368602752686,0.8546184301376343,0.598160982131958,0.40013059973716736
0.4015849828720093,0.7007924914360046,0.8803199529647827,0.5123794078826904
0.27928104996681213,0.36035946011543274,0.9429811835289001,0.842505931854248
0.9040220975875854,0.9520110487937927,0.27779194712638855,0.3399930000305176
0.6068888306617737,0.8034443855285645,0.7149855494499207,0.43505236506462097
0.7001218795776367,0.14993909001350403,0.6096878051757812,1.1032675504684448
0.3239292502403259,0.3380354046821594,0.9229262471199036,0.8681711554527283
0.8560464382171631,0.07197678089141846,0.37325766682624817,1.2101048231124878
0.22033971548080444,0.6101698875427246,0.9646898508071899,0.5890337824821472
0.45814329385757446,0.7290716767311096,0.8427935838699341,0.4900861084461212
0.6184206008911133,0.8092103004455566,0.7031205296516418,0.4309994876384735
0.4550052583217621,0.7275026440620422,0.8450254201889038,0.49130311608314514
0.39432084560394287,0.30283957719802856,0.8847343325614929,0.9096190929412842
0.49792999029159546,0.7489650249481201,0.8129144310951233,0.47485899925231934
0.21016177535057068,0.6050809025764465,0.9679007530212402,0.5935772061347961
0.6979984045028687,0.8489992022514343,0.6123391389846802,0.4038506746292114
0.8249698877334595,0.9124849438667297,0.42812055349349976,0.3634258210659027
0.7577940821647644,0.12110293656587601,0.5325230360031128,1.1421711444854736
0.23301544785499573,0.6165077090263367,0.9604711532592773,0.5834111571311951
0.4176361858844757,0.7088180780410767,0.8702431321144104,0.5059749484062195
0.5833371877670288,0.2083314210176468,0.7382811903953552,1.0267612934112549
0.06999215483665466,0.46500393748283386,0.9964632987976074,0.7287554740905762
0.426165908575058,0.7130829691886902,0.8647054433822632,0.5025966763496399
0.27738651633262634,0.361306756734848,0.9437625408172607,0.8414276838302612
0.19382503628730774,0.5969125032424927,0.9727280139923096,0.6009233593940735
0.5175316333770752,0.7587658166885376,0.7970866560935974,0.4674941897392273
0.6199878454208374,0.8099939227104187,0.7014841437339783,0.43045100569725037
